Iteration,Accuracy,Selected Features
1,0.855072463768116,"['Glycine - G', 'Leucine - L', 'Methionine - M', 'Serine - S', 'Valine - V', 'Isoleucine - I', 'Tyrosine - Y', 'Histidine - H', 'Arginine - R', 'Threonine - T', 'Charged', 'Uncharged', 'Drug Score', 'Small', 'Aromatic']"
2,0.8260869565217391,"['Glycine - G', 'Leucine - L', 'Methionine - M', 'Lysine - K', 'Glutamine - Q', 'Isoleucine - I', 'Cysteine - C', 'Tyrosine - Y', 'Aspartic Acid - D', 'Charged', 'Uncharged', 'Number of apolar alpha sphere', 'Pocket volume (convex hull)', 'Number of residues']"
3,0.7971014492753623,"['Glycine - G', 'Leucine - L', 'Methionine - M', 'Phenylalanine - F', 'Tryptophan - W', 'Lysine - K', 'Glutamine - Q', 'Glutamic Acid - E', 'Serine - S', 'Proline - P', 'Positive charge', 'Negative charge', 'Hydrophobic', 'Drug Score', 'Pocket volume (convex hull)', 'Amino Acid based volume Score', 'Aromatic', 'Number of residues']"
4,0.7536231884057971,"['Methionine - M', 'Phenylalanine - F', 'Tryptophan - W', 'Glutamine - Q', 'Serine - S', 'Proline - P', 'Valine - V', 'Histidine - H', 'Threonine - T', 'Charge Score', 'Number of apolar alpha sphere', 'Drug Score', 'Amino Acid based volume Score', 'Aromatic']"
5,0.7971014492753623,"['Glycine - G', 'Alanine - A', 'Leucine - L', 'Methionine - M', 'Phenylalanine - F', 'Proline - P', 'Tyrosine - Y', 'Arginine - R', 'Local hydrophobic density Score', 'Pocket volume (Monte Carlo)']"
6,0.782608695652174,"['Alanine - A', 'Lysine - K', 'Glutamine - Q', 'Serine - S', 'Valine - V', 'Histidine - H', 'Arginine - R', 'Asparagine - N', 'Threonine - T', 'Charge Score', 'Small', 'Amino Acid based volume Score', 'Number of residues']"
7,0.7971014492753623,"['Alanine - A', 'Leucine - L', 'Phenylalanine - F', 'Tryptophan - W', 'Lysine - K', 'Serine - S', 'Proline - P', 'Cysteine - C', 'Histidine - H', 'Arginine - R', 'Asparagine - N', 'Aspartic Acid - D', 'Charge Score', 'Proportion of apolar alpha sphere', 'Amino Acid based volume Score', 'Aromatic']"
8,0.8260869565217391,"['Glycine - G', 'Alanine - A', 'Leucine - L', 'Methionine - M', 'Lysine - K', 'Glutamine - Q', 'Glutamic Acid - E', 'Proline - P', 'Valine - V', 'Isoleucine - I', 'Cysteine - C', 'Tyrosine - Y', 'Histidine - H', 'Asparagine - N', 'Aspartic Acid - D', 'Charged', 'Uncharged', 'Local hydrophobic density Score', 'Pocket volume (convex hull)']"
9,0.7971014492753623,"['Leucine - L', 'Methionine - M', 'Tryptophan - W', 'Lysine - K', 'Glutamine - Q', 'Serine - S', 'Proline - P', 'Isoleucine - I', 'Histidine - H', 'Arginine - R', 'Asparagine - N', 'Charge Score', 'Proportion of apolar alpha sphere', 'Pocket volume (convex hull)', 'Number of residues']"
10,0.8115942028985508,"['Glycine - G', 'Alanine - A', 'Methionine - M', 'Phenylalanine - F', 'Tryptophan - W', 'Cysteine - C', 'Tyrosine - Y', 'Asparagine - N', 'Charged', 'Uncharged', 'Polarity Score', 'Drug Score', 'Amino Acid based volume Score', 'Aromatic']"
11,0.8405797101449275,"[np.str_('Glycine - G'), np.str_('Alanine - A'), np.str_('Leucine - L'), np.str_('Tryptophan - W'), np.str_('Glutamine - Q'), np.str_('Serine - S'), np.str_('Valine - V'), np.str_('Isoleucine - I'), np.str_('Tyrosine - Y'), np.str_('Histidine - H'), np.str_('Arginine - R'), np.str_('Asparagine - N'), np.str_('Threonine - T'), 'Charged', 'Uncharged', 'Polar', 'Non-polar', np.str_('Drug Score'), 'Number of alpha spheres', 'Mean alpha-sphere radius', np.str_('Aromatic')]"
12,0.7246376811594203,"[np.str_('Glycine - G'), np.str_('Alanine - A'), np.str_('Leucine - L'), np.str_('Methionine - M'), np.str_('Glutamine - Q'), np.str_('Serine - S'), np.str_('Isoleucine - I'), np.str_('Tyrosine - Y'), np.str_('Arginine - R'), np.str_('Aspartic Acid - D'), np.str_('Threonine - T'), 'Charged', 'Uncharged', np.str_('Pocket volume (Monte Carlo)'), np.str_('Amino Acid based volume Score')]"
13,0.8260869565217391,"[np.str_('Glycine - G'), np.str_('Leucine - L'), np.str_('Methionine - M'), np.str_('Tryptophan - W'), np.str_('Glutamine - Q'), np.str_('Glutamic Acid - E'), np.str_('Proline - P'), np.str_('Valine - V'), np.str_('Isoleucine - I'), np.str_('Histidine - H'), np.str_('Arginine - R'), np.str_('Asparagine - N'), np.str_('Threonine - T'), 'Charged', 'Uncharged', np.str_('Mean alpha-sphere Solvent Acc.'), np.str_('Drug Score'), np.str_('Small'), np.str_('Aromatic')]"
14,0.855072463768116,"[np.str_('Glycine - G'), np.str_('Alanine - A'), np.str_('Leucine - L'), np.str_('Methionine - M'), np.str_('Serine - S'), np.str_('Valine - V'), np.str_('Isoleucine - I'), np.str_('Histidine - H'), np.str_('Asparagine - N'), np.str_('Threonine - T'), 'Charged', 'Uncharged', np.str_('Mean alpha-sphere Solvent Acc.'), np.str_('Drug Score'), 'Number of alpha spheres', 'Mean alpha-sphere radius', np.str_('Aromatic'), np.str_('Number of residues')]"
15,0.855072463768116,"[np.str_('Methionine - M'), np.str_('Phenylalanine - F'), np.str_('Tryptophan - W'), np.str_('Serine - S'), np.str_('Valine - V'), np.str_('Isoleucine - I'), np.str_('Histidine - H'), np.str_('Arginine - R'), np.str_('Threonine - T'), 'Charged', 'Uncharged', 'Polar', 'Non-polar', np.str_('Drug Score'), np.str_('Small'), np.str_('Aromatic'), np.str_('Number of residues')]"
16,0.8260869565217391,"[np.str_('Leucine - L'), np.str_('Methionine - M'), np.str_('Phenylalanine - F'), np.str_('Tryptophan - W'), np.str_('Serine - S'), np.str_('Proline - P'), np.str_('Valine - V'), np.str_('Isoleucine - I'), np.str_('Histidine - H'), np.str_('Threonine - T'), 'Positive charge', 'Negative charge', np.str_('Drug Score'), np.str_('Small'), np.str_('Aromatic'), np.str_('Number of residues')]"
17,0.7971014492753623,"[np.str_('Glycine - G'), np.str_('Alanine - A'), np.str_('Glutamic Acid - E'), np.str_('Serine - S'), np.str_('Valine - V'), np.str_('Isoleucine - I'), np.str_('Histidine - H'), np.str_('Threonine - T'), 'Charged', 'Uncharged', np.str_('Local hydrophobic density Score'), np.str_('Drug Score'), 'Number of alpha spheres', 'Mean alpha-sphere radius', np.str_('Aromatic'), np.str_('Number of residues')]"
18,0.8840579710144928,"[np.str_('Glycine - G'), np.str_('Alanine - A'), np.str_('Leucine - L'), np.str_('Methionine - M'), np.str_('Tryptophan - W'), np.str_('Glutamine - Q'), np.str_('Proline - P'), np.str_('Valine - V'), np.str_('Isoleucine - I'), np.str_('Cysteine - C'), np.str_('Tyrosine - Y'), np.str_('Histidine - H'), np.str_('Asparagine - N'), np.str_('Threonine - T'), 'Positive charge', 'Negative charge', np.str_('Mean alpha-sphere Solvent Acc.'), np.str_('Drug Score'), 'Number of alpha spheres', 'Mean alpha-sphere radius', np.str_('Aromatic')]"
19,0.8695652173913043,"[np.str_('Methionine - M'), np.str_('Valine - V'), np.str_('Isoleucine - I'), np.str_('Cysteine - C'), np.str_('Histidine - H'), np.str_('Arginine - R'), np.str_('Threonine - T'), np.str_('Pos-neg charge ratio'), 'Polar', 'Non-polar', np.str_('Drug Score'), 'Number of alpha spheres', 'Mean alpha-sphere radius', np.str_('Aromatic')]"
20,0.8405797101449275,"[np.str_('Alanine - A'), np.str_('Methionine - M'), np.str_('Lysine - K'), np.str_('Glutamine - Q'), np.str_('Serine - S'), np.str_('Proline - P'), np.str_('Cysteine - C'), np.str_('Tyrosine - Y'), np.str_('Histidine - H'), np.str_('Arginine - R'), np.str_('Aspartic Acid - D'), np.str_('Threonine - T'), np.str_('Pos-neg charge ratio'), np.str_('Polarity Score'), np.str_('Pocket volume (convex hull)'), np.str_('Aromatic')]"
21,0.8405797101449275,"[np.str_('Methionine - M'), np.str_('Tryptophan - W'), np.str_('Proline - P'), np.str_('Valine - V'), np.str_('Tyrosine - Y'), np.str_('Histidine - H'), np.str_('Arginine - R'), np.str_('Threonine - T'), 'Charged', 'Uncharged', np.str_('Hydrophobic'), np.str_('Drug Score'), 'Number of alpha spheres', 'Mean alpha-sphere radius', np.str_('Aromatic')]"
22,0.855072463768116,"[np.str_('Glycine - G'), np.str_('Alanine - A'), np.str_('Methionine - M'), np.str_('Phenylalanine - F'), np.str_('Tryptophan - W'), np.str_('Proline - P'), np.str_('Valine - V'), np.str_('Isoleucine - I'), np.str_('Tyrosine - Y'), np.str_('Histidine - H'), 'Charged', 'Uncharged', np.str_('Proportion of apolar alpha sphere'), np.str_('Drug Score'), 'Number of alpha spheres', 'Mean alpha-sphere radius', np.str_('Aromatic'), np.str_('Number of residues')]"
23,0.8405797101449275,"[np.str_('Alanine - A'), np.str_('Leucine - L'), np.str_('Methionine - M'), np.str_('Tryptophan - W'), np.str_('Glutamine - Q'), np.str_('Serine - S'), np.str_('Proline - P'), np.str_('Valine - V'), np.str_('Isoleucine - I'), np.str_('Cysteine - C'), np.str_('Histidine - H'), np.str_('Arginine - R'), np.str_('Threonine - T'), np.str_('Number of apolar alpha sphere'), np.str_('Drug Score'), 'Number of alpha spheres', 'Mean alpha-sphere radius', np.str_('Aromatic'), np.str_('Number of residues')]"
24,0.7971014492753623,"[np.str_('Glycine - G'), np.str_('Alanine - A'), np.str_('Methionine - M'), np.str_('Phenylalanine - F'), np.str_('Lysine - K'), np.str_('Proline - P'), np.str_('Valine - V'), np.str_('Isoleucine - I'), np.str_('Cysteine - C'), np.str_('Histidine - H'), np.str_('Pos-neg charge ratio'), np.str_('Hydrophobicity Score'), np.str_('Drug Score'), 'Number of alpha spheres', 'Mean alpha-sphere radius', np.str_('Aromatic')]"
25,0.8115942028985508,"[np.str_('Methionine - M'), np.str_('Phenylalanine - F'), np.str_('Valine - V'), np.str_('Isoleucine - I'), np.str_('Histidine - H'), np.str_('Drug Score'), 'Number of alpha spheres', 'Mean alpha-sphere radius']"
26,0.8405797101449275,"[np.str_('Alanine - A'), np.str_('Methionine - M'), np.str_('Tryptophan - W'), np.str_('Glutamine - Q'), np.str_('Proline - P'), np.str_('Valine - V'), np.str_('Cysteine - C'), np.str_('Tyrosine - Y'), np.str_('Histidine - H'), np.str_('Arginine - R'), np.str_('Threonine - T'), np.str_('Pos-neg charge ratio'), np.str_('Polarity Score'), np.str_('Drug Score'), np.str_('Pocket volume (convex hull)'), np.str_('Aromatic'), np.str_('Number of residues')]"
27,0.8260869565217391,"[np.str_('Alanine - A'), np.str_('Methionine - M'), np.str_('Tryptophan - W'), np.str_('Lysine - K'), np.str_('Glutamine - Q'), np.str_('Isoleucine - I'), np.str_('Histidine - H'), np.str_('Arginine - R'), np.str_('Aspartic Acid - D'), np.str_('Threonine - T'), 'Charged', 'Uncharged', np.str_('Number of apolar alpha sphere'), np.str_('Aromatic'), np.str_('Number of residues')]"
28,0.8260869565217391,"[np.str_('Glycine - G'), np.str_('Alanine - A'), np.str_('Leucine - L'), np.str_('Methionine - M'), np.str_('Phenylalanine - F'), np.str_('Tryptophan - W'), np.str_('Lysine - K'), np.str_('Glutamine - Q'), np.str_('Serine - S'), np.str_('Valine - V'), np.str_('Cysteine - C'), np.str_('Arginine - R'), np.str_('Asparagine - N'), np.str_('Aspartic Acid - D'), 'Positive charge', 'Negative charge', np.str_('Mean alpha-sphere Solvent Acc.'), np.str_('Drug Score'), np.str_('Pocket volume (convex hull)'), np.str_('Aromatic')]"
29,0.855072463768116,"[np.str_('Alanine - A'), np.str_('Methionine - M'), np.str_('Phenylalanine - F'), np.str_('Lysine - K'), np.str_('Serine - S'), np.str_('Valine - V'), np.str_('Isoleucine - I'), np.str_('Cysteine - C'), np.str_('Arginine - R'), np.str_('Aspartic Acid - D'), np.str_('Pos-neg charge ratio'), np.str_('Polarity Score'), np.str_('Drug Score'), np.str_('Aromatic'), np.str_('Number of residues')]"
30,0.855072463768116,"[np.str_('Glycine - G'), np.str_('Methionine - M'), np.str_('Phenylalanine - F'), np.str_('Serine - S'), np.str_('Valine - V'), np.str_('Isoleucine - I'), np.str_('Histidine - H'), np.str_('Arginine - R'), np.str_('Aspartic Acid - D'), np.str_('Charge Score'), 'Polar', 'Non-polar', np.str_('Drug Score'), 'Number of alpha spheres', 'Mean alpha-sphere radius', np.str_('Aromatic'), np.str_('Number of residues')]"
31,0.8115942028985508,"[np.str_('Glycine - G'), np.str_('Methionine - M'), np.str_('Tryptophan - W'), np.str_('Serine - S'), np.str_('Proline - P'), np.str_('Histidine - H'), np.str_('Threonine - T'), np.str_('Pos-neg charge ratio'), np.str_('Polarity Score'), np.str_('Pocket volume (Monte Carlo)'), np.str_('Aromatic')]"
32,0.8405797101449275,"[np.str_('Leucine - L'), np.str_('Tryptophan - W'), np.str_('Serine - S'), np.str_('Cysteine - C'), np.str_('Tyrosine - Y'), np.str_('Histidine - H'), np.str_('Arginine - R'), np.str_('Aspartic Acid - D'), np.str_('Threonine - T'), np.str_('Pos-neg charge ratio'), np.str_('Mean alpha-sphere Solvent Acc.'), np.str_('Drug Score'), np.str_('Pocket volume (Monte Carlo)')]"
33,0.8115942028985508,"[np.str_('Glycine - G'), np.str_('Alanine - A'), np.str_('Leucine - L'), np.str_('Methionine - M'), np.str_('Phenylalanine - F'), np.str_('Lysine - K'), np.str_('Glutamic Acid - E'), np.str_('Serine - S'), np.str_('Histidine - H'), np.str_('Pos-neg charge ratio'), np.str_('Polarity Score'), np.str_('Drug Score'), np.str_('Pocket volume (Monte Carlo)'), np.str_('Number of residues')]"
34,0.855072463768116,"[np.str_('Alanine - A'), np.str_('Methionine - M'), np.str_('Glutamine - Q'), np.str_('Isoleucine - I'), np.str_('Asparagine - N'), np.str_('Pos-neg charge ratio'), np.str_('Mean alpha-sphere Solvent Acc.'), np.str_('Drug Score'), 'Number of alpha spheres', 'Mean alpha-sphere radius', np.str_('Amino Acid based volume Score'), np.str_('Aromatic'), np.str_('Number of residues')]"
35,0.8260869565217391,"[np.str_('Glycine - G'), np.str_('Alanine - A'), np.str_('Leucine - L'), np.str_('Tryptophan - W'), np.str_('Lysine - K'), np.str_('Glutamine - Q'), np.str_('Glutamic Acid - E'), np.str_('Valine - V'), np.str_('Isoleucine - I'), np.str_('Cysteine - C'), np.str_('Tyrosine - Y'), 'Charged', 'Uncharged', np.str_('Number of apolar alpha sphere'), np.str_('Drug Score'), np.str_('Amino Acid based volume Score'), np.str_('Number of residues')]"
36,0.8115942028985508,"[np.str_('Alanine - A'), np.str_('Phenylalanine - F'), np.str_('Tryptophan - W'), np.str_('Lysine - K'), np.str_('Glutamine - Q'), np.str_('Proline - P'), np.str_('Cysteine - C'), np.str_('Histidine - H'), np.str_('Arginine - R'), np.str_('Asparagine - N'), np.str_('Threonine - T'), 'Charged', 'Uncharged', np.str_('Hydrophobicity Score'), np.str_('Pocket volume (convex hull)'), np.str_('Number of residues')]"
37,0.8260869565217391,"[np.str_('Glycine - G'), np.str_('Methionine - M'), np.str_('Phenylalanine - F'), np.str_('Lysine - K'), np.str_('Serine - S'), np.str_('Proline - P'), np.str_('Valine - V'), np.str_('Isoleucine - I'), np.str_('Tyrosine - Y'), np.str_('Histidine - H'), np.str_('Asparagine - N'), np.str_('Aspartic Acid - D'), 'Positive charge', 'Negative charge', np.str_('Mean alpha-sphere Solvent Acc.'), np.str_('Drug Score'), 'Number of alpha spheres', 'Mean alpha-sphere radius', np.str_('Amino Acid based volume Score'), np.str_('Aromatic')]"
38,0.8260869565217391,"[np.str_('Glycine - G'), np.str_('Alanine - A'), np.str_('Leucine - L'), np.str_('Glutamine - Q'), np.str_('Valine - V'), np.str_('Isoleucine - I'), np.str_('Cysteine - C'), np.str_('Tyrosine - Y'), np.str_('Histidine - H'), np.str_('Arginine - R'), np.str_('Aspartic Acid - D'), np.str_('Threonine - T'), np.str_('Pos-neg charge ratio'), np.str_('Mean alpha-sphere Solvent Acc.'), np.str_('Pocket volume (Monte Carlo)'), np.str_('Aromatic'), np.str_('Number of residues')]"
39,0.8405797101449275,"[np.str_('Glycine - G'), np.str_('Leucine - L'), np.str_('Tryptophan - W'), np.str_('Lysine - K'), np.str_('Glutamic Acid - E'), np.str_('Serine - S'), np.str_('Isoleucine - I'), np.str_('Aspartic Acid - D'), np.str_('Threonine - T'), 'Positive charge', 'Negative charge', 'Polar', 'Non-polar', np.str_('Drug Score'), np.str_('Pocket volume (Monte Carlo)'), np.str_('Aromatic'), np.str_('Number of residues')]"
40,0.855072463768116,"[np.str_('Glycine - G'), np.str_('Leucine - L'), np.str_('Methionine - M'), np.str_('Tryptophan - W'), np.str_('Glutamine - Q'), np.str_('Glutamic Acid - E'), np.str_('Serine - S'), np.str_('Proline - P'), np.str_('Tyrosine - Y'), np.str_('Histidine - H'), np.str_('Aspartic Acid - D'), np.str_('Threonine - T'), np.str_('Pos-neg charge ratio'), 'Polar', 'Non-polar', np.str_('Small'), np.str_('Amino Acid based volume Score'), np.str_('Aromatic'), np.str_('Number of residues')]"
41,0.8260869565217391,"[np.str_('Leucine - L'), np.str_('Methionine - M'), np.str_('Lysine - K'), np.str_('Proline - P'), np.str_('Valine - V'), np.str_('Tyrosine - Y'), np.str_('Histidine - H'), np.str_('Arginine - R'), np.str_('Asparagine - N'), np.str_('Aspartic Acid - D'), np.str_('Threonine - T'), 'Positive charge', 'Negative charge', np.str_('Mean alpha-sphere Solvent Acc.'), np.str_('Drug Score'), np.str_('Aromatic')]"
42,0.8695652173913043,"[np.str_('Alanine - A'), np.str_('Methionine - M'), np.str_('Valine - V'), np.str_('Isoleucine - I'), np.str_('Cysteine - C'), np.str_('Tyrosine - Y'), np.str_('Arginine - R'), np.str_('Aspartic Acid - D'), np.str_('Charge Score'), np.str_('Drug Score'), np.str_('Pocket volume (convex hull)'), np.str_('Aromatic')]"
43,0.782608695652174,"[np.str_('Glycine - G'), np.str_('Alanine - A'), np.str_('Leucine - L'), np.str_('Methionine - M'), np.str_('Phenylalanine - F'), np.str_('Glutamine - Q'), np.str_('Glutamic Acid - E'), np.str_('Serine - S'), np.str_('Proline - P'), np.str_('Isoleucine - I'), np.str_('Threonine - T'), 'Positive charge', 'Negative charge', np.str_('Number of apolar alpha sphere'), np.str_('Amino Acid based volume Score'), np.str_('Aromatic')]"
44,0.8115942028985508,"[np.str_('Glycine - G'), np.str_('Methionine - M'), np.str_('Tryptophan - W'), np.str_('Lysine - K'), np.str_('Proline - P'), np.str_('Isoleucine - I'), np.str_('Cysteine - C'), np.str_('Arginine - R'), np.str_('Aspartic Acid - D'), np.str_('Threonine - T'), 'Positive charge', 'Negative charge', np.str_('Drug Score'), np.str_('Aromatic')]"
45,0.782608695652174,"[np.str_('Glycine - G'), np.str_('Alanine - A'), np.str_('Phenylalanine - F'), np.str_('Lysine - K'), np.str_('Glutamine - Q'), np.str_('Glutamic Acid - E'), np.str_('Serine - S'), np.str_('Tyrosine - Y'), np.str_('Histidine - H'), np.str_('Asparagine - N'), np.str_('Threonine - T'), 'Positive charge', 'Negative charge', np.str_('Hydrophobic'), np.str_('Drug Score'), np.str_('Amino Acid based volume Score'), np.str_('Number of residues')]"
46,0.7971014492753623,"[np.str_('Alanine - A'), np.str_('Phenylalanine - F'), np.str_('Lysine - K'), np.str_('Cysteine - C'), np.str_('Tyrosine - Y'), np.str_('Aspartic Acid - D'), np.str_('Threonine - T'), np.str_('Hydrophobicity Score'), np.str_('Drug Score'), np.str_('Pocket volume (Monte Carlo)'), np.str_('Amino Acid based volume Score'), np.str_('Number of residues')]"
47,0.8260869565217391,"[np.str_('Methionine - M'), np.str_('Tryptophan - W'), np.str_('Serine - S'), np.str_('Isoleucine - I'), np.str_('Histidine - H'), np.str_('Arginine - R'), np.str_('Aspartic Acid - D'), np.str_('Threonine - T'), np.str_('Charge Score'), np.str_('Polarity Score'), np.str_('Drug Score'), np.str_('Small'), np.str_('Aromatic'), np.str_('Number of residues')]"
48,0.782608695652174,"[np.str_('Glycine - G'), np.str_('Methionine - M'), np.str_('Tryptophan - W'), np.str_('Glutamine - Q'), np.str_('Serine - S'), np.str_('Proline - P'), np.str_('Valine - V'), np.str_('Isoleucine - I'), np.str_('Aspartic Acid - D'), 'Charged', 'Uncharged', np.str_('Number of apolar alpha sphere'), np.str_('Drug Score'), np.str_('Pocket volume (Monte Carlo)'), np.str_('Aromatic')]"
49,0.8115942028985508,"[np.str_('Glycine - G'), np.str_('Alanine - A'), np.str_('Leucine - L'), np.str_('Methionine - M'), np.str_('Tryptophan - W'), np.str_('Serine - S'), np.str_('Proline - P'), np.str_('Valine - V'), np.str_('Isoleucine - I'), np.str_('Arginine - R'), np.str_('Asparagine - N'), np.str_('Aspartic Acid - D'), np.str_('Threonine - T'), np.str_('Pos-neg charge ratio'), np.str_('Mean alpha-sphere Solvent Acc.'), np.str_('Drug Score'), np.str_('Aromatic'), np.str_('Number of residues')]"
50,0.782608695652174,"[np.str_('Leucine - L'), np.str_('Tryptophan - W'), np.str_('Glutamic Acid - E'), np.str_('Serine - S'), np.str_('Valine - V'), np.str_('Isoleucine - I'), np.str_('Arginine - R'), np.str_('Charge Score'), 'Polar', 'Non-polar', np.str_('Pocket volume (Monte Carlo)'), np.str_('Aromatic'), np.str_('Number of residues')]"
51,0.7971014492753623,"[np.str_('Glycine - G'), np.str_('Alanine - A'), np.str_('Leucine - L'), np.str_('Methionine - M'), np.str_('Serine - S'), np.str_('Proline - P'), np.str_('Valine - V'), np.str_('Isoleucine - I'), np.str_('Tyrosine - Y'), np.str_('Histidine - H'), np.str_('Arginine - R'), np.str_('Asparagine - N'), 'Positive charge', 'Negative charge', np.str_('Mean alpha-sphere Solvent Acc.'), np.str_('Drug Score'), 'Number of alpha spheres', 'Mean alpha-sphere radius', np.str_('Amino Acid based volume Score'), np.str_('Aromatic')]"
52,0.8260869565217391,"[np.str_('Alanine - A'), np.str_('Leucine - L'), np.str_('Methionine - M'), np.str_('Tryptophan - W'), np.str_('Lysine - K'), np.str_('Glutamine - Q'), np.str_('Serine - S'), np.str_('Proline - P'), np.str_('Histidine - H'), np.str_('Asparagine - N'), np.str_('Threonine - T'), np.str_('Mean alpha-sphere Solvent Acc.'), np.str_('Drug Score'), np.str_('Pocket volume (convex hull)'), np.str_('Aromatic'), np.str_('Number of residues')]"
53,0.8115942028985508,"[np.str_('Glycine - G'), np.str_('Alanine - A'), np.str_('Methionine - M'), np.str_('Phenylalanine - F'), np.str_('Tryptophan - W'), np.str_('Lysine - K'), np.str_('Serine - S'), np.str_('Proline - P'), np.str_('Cysteine - C'), np.str_('Histidine - H'), np.str_('Arginine - R'), np.str_('Pos-neg charge ratio'), np.str_('Proportion of apolar alpha sphere'), np.str_('Drug Score'), np.str_('Aromatic')]"
54,0.7101449275362319,"[np.str_('Methionine - M'), np.str_('Serine - S'), np.str_('Cysteine - C'), np.str_('Arginine - R'), 'Charged', 'Uncharged', np.str_('Polarity Score'), np.str_('Drug Score'), 'Number of alpha spheres', 'Mean alpha-sphere radius', np.str_('Aromatic'), np.str_('Number of residues')]"
55,0.9130434782608695,"[np.str_('Methionine - M'), np.str_('Tryptophan - W'), np.str_('Serine - S'), np.str_('Isoleucine - I'), np.str_('Cysteine - C'), np.str_('Histidine - H'), np.str_('Arginine - R'), np.str_('Aspartic Acid - D'), 'Positive charge', 'Negative charge', 'Polar', 'Non-polar', np.str_('Pocket volume (Monte Carlo)'), np.str_('Aromatic')]"
56,0.8260869565217391,"[np.str_('Glycine - G'), np.str_('Leucine - L'), np.str_('Methionine - M'), np.str_('Phenylalanine - F'), np.str_('Glutamine - Q'), np.str_('Glutamic Acid - E'), np.str_('Serine - S'), np.str_('Isoleucine - I'), np.str_('Tyrosine - Y'), np.str_('Histidine - H'), np.str_('Aspartic Acid - D'), np.str_('Charge Score'), np.str_('Polarity Score'), np.str_('Pocket volume (Monte Carlo)'), np.str_('Amino Acid based volume Score'), np.str_('Aromatic'), np.str_('Number of residues')]"
57,0.7971014492753623,"[np.str_('Alanine - A'), np.str_('Methionine - M'), np.str_('Phenylalanine - F'), np.str_('Tryptophan - W'), np.str_('Lysine - K'), np.str_('Serine - S'), np.str_('Proline - P'), np.str_('Valine - V'), np.str_('Tyrosine - Y'), np.str_('Arginine - R'), np.str_('Threonine - T'), np.str_('Number of apolar alpha sphere'), np.str_('Pocket volume (convex hull)'), np.str_('Aromatic')]"
58,0.8985507246376812,"[np.str_('Methionine - M'), np.str_('Phenylalanine - F'), np.str_('Glutamine - Q'), np.str_('Glutamic Acid - E'), np.str_('Proline - P'), np.str_('Isoleucine - I'), np.str_('Cysteine - C'), np.str_('Histidine - H'), np.str_('Arginine - R'), 'Positive charge', 'Negative charge', 'Polar', 'Non-polar', np.str_('Drug Score'), np.str_('Pocket volume (Monte Carlo)'), np.str_('Aromatic'), np.str_('Number of residues')]"
59,0.8260869565217391,"[np.str_('Leucine - L'), np.str_('Methionine - M'), np.str_('Phenylalanine - F'), np.str_('Tryptophan - W'), np.str_('Glutamine - Q'), np.str_('Serine - S'), np.str_('Proline - P'), np.str_('Isoleucine - I'), np.str_('Cysteine - C'), np.str_('Histidine - H'), np.str_('Arginine - R'), np.str_('Aspartic Acid - D'), np.str_('Threonine - T'), np.str_('Polarity Score'), np.str_('Drug Score'), np.str_('Pocket volume (Monte Carlo)'), np.str_('Aromatic'), np.str_('Number of residues')]"
60,0.855072463768116,"[np.str_('Methionine - M'), np.str_('Glutamic Acid - E'), np.str_('Isoleucine - I'), np.str_('Histidine - H'), np.str_('Arginine - R'), np.str_('Aspartic Acid - D'), np.str_('Threonine - T'), 'Positive charge', 'Negative charge', np.str_('Drug Score'), 'Number of alpha spheres', 'Mean alpha-sphere radius', np.str_('Number of residues')]"
61,0.7971014492753623,"[np.str_('Phenylalanine - F'), np.str_('Tryptophan - W'), np.str_('Lysine - K'), np.str_('Glutamine - Q'), np.str_('Glutamic Acid - E'), np.str_('Serine - S'), np.str_('Proline - P'), np.str_('Cysteine - C'), np.str_('Tyrosine - Y'), np.str_('Histidine - H'), np.str_('Arginine - R'), np.str_('Threonine - T'), np.str_('Pos-neg charge ratio'), np.str_('Proportion of apolar alpha sphere'), np.str_('Small'), np.str_('Aromatic'), np.str_('Number of residues')]"
62,0.8260869565217391,"[np.str_('Methionine - M'), np.str_('Phenylalanine - F'), np.str_('Lysine - K'), np.str_('Proline - P'), np.str_('Valine - V'), np.str_('Isoleucine - I'), np.str_('Tyrosine - Y'), np.str_('Arginine - R'), np.str_('Aspartic Acid - D'), np.str_('Threonine - T'), 'Charged', 'Uncharged', np.str_('Hydrophobic'), np.str_('Drug Score'), np.str_('Pocket volume (Monte Carlo)'), np.str_('Aromatic'), np.str_('Number of residues')]"
63,0.8115942028985508,"[np.str_('Leucine - L'), np.str_('Methionine - M'), np.str_('Tryptophan - W'), np.str_('Lysine - K'), np.str_('Glutamic Acid - E'), np.str_('Valine - V'), np.str_('Isoleucine - I'), np.str_('Cysteine - C'), np.str_('Tyrosine - Y'), np.str_('Histidine - H'), np.str_('Arginine - R'), np.str_('Threonine - T'), np.str_('Pos-neg charge ratio'), np.str_('Polarity Score'), np.str_('Pocket volume (Monte Carlo)'), np.str_('Aromatic'), np.str_('Number of residues')]"
64,0.855072463768116,"[np.str_('Methionine - M'), np.str_('Glutamine - Q'), np.str_('Valine - V'), np.str_('Isoleucine - I'), np.str_('Cysteine - C'), np.str_('Tyrosine - Y'), np.str_('Histidine - H'), np.str_('Arginine - R'), np.str_('Threonine - T'), np.str_('Charge Score'), np.str_('Proportion of apolar alpha sphere'), np.str_('Drug Score'), np.str_('Pocket volume (Monte Carlo)'), np.str_('Aromatic')]"
65,0.782608695652174,"[np.str_('Leucine - L'), np.str_('Methionine - M'), np.str_('Tryptophan - W'), np.str_('Glutamine - Q'), np.str_('Proline - P'), np.str_('Isoleucine - I'), np.str_('Tyrosine - Y'), np.str_('Histidine - H'), np.str_('Arginine - R'), np.str_('Aspartic Acid - D'), np.str_('Threonine - T'), np.str_('Charge Score'), np.str_('Proportion of apolar alpha sphere'), np.str_('Aromatic'), np.str_('Number of residues')]"
66,0.8695652173913043,"[np.str_('Glycine - G'), np.str_('Methionine - M'), np.str_('Tryptophan - W'), np.str_('Glutamic Acid - E'), np.str_('Proline - P'), np.str_('Isoleucine - I'), np.str_('Cysteine - C'), np.str_('Tyrosine - Y'), np.str_('Histidine - H'), np.str_('Arginine - R'), np.str_('Aspartic Acid - D'), np.str_('Pos-neg charge ratio'), 'Polar', 'Non-polar', np.str_('Drug Score'), 'Number of alpha spheres', 'Mean alpha-sphere radius', np.str_('Number of residues')]"
67,0.8115942028985508,"[np.str_('Glycine - G'), np.str_('Alanine - A'), np.str_('Methionine - M'), np.str_('Tryptophan - W'), np.str_('Lysine - K'), np.str_('Serine - S'), np.str_('Proline - P'), np.str_('Valine - V'), np.str_('Isoleucine - I'), np.str_('Histidine - H'), np.str_('Asparagine - N'), np.str_('Aspartic Acid - D'), np.str_('Threonine - T'), np.str_('Charge Score'), np.str_('Polarity Score'), np.str_('Drug Score'), 'Number of alpha spheres', 'Mean alpha-sphere radius', np.str_('Amino Acid based volume Score')]"
68,0.855072463768116,"[np.str_('Methionine - M'), np.str_('Glutamine - Q'), np.str_('Serine - S'), np.str_('Proline - P'), np.str_('Isoleucine - I'), np.str_('Cysteine - C'), np.str_('Histidine - H'), np.str_('Arginine - R'), np.str_('Aspartic Acid - D'), 'Positive charge', 'Negative charge', np.str_('Hydrophobicity Score'), np.str_('Small'), np.str_('Aromatic')]"
69,0.9130434782608695,"[np.str_('Methionine - M'), np.str_('Tryptophan - W'), np.str_('Glutamine - Q'), np.str_('Glutamic Acid - E'), np.str_('Valine - V'), np.str_('Isoleucine - I'), np.str_('Cysteine - C'), np.str_('Histidine - H'), np.str_('Arginine - R'), np.str_('Aspartic Acid - D'), np.str_('Threonine - T'), 'Positive charge', 'Negative charge', 'Polar', 'Non-polar', np.str_('Number of residues')]"
70,0.8405797101449275,"[np.str_('Alanine - A'), np.str_('Leucine - L'), np.str_('Methionine - M'), np.str_('Glutamine - Q'), np.str_('Glutamic Acid - E'), np.str_('Serine - S'), np.str_('Proline - P'), np.str_('Tyrosine - Y'), np.str_('Arginine - R'), np.str_('Asparagine - N'), np.str_('Aspartic Acid - D'), np.str_('Threonine - T'), np.str_('Charge Score'), np.str_('Number of apolar alpha sphere'), np.str_('Amino Acid based volume Score'), np.str_('Number of residues')]"
71,0.7246376811594203,"[np.str_('Alanine - A'), np.str_('Methionine - M'), np.str_('Tryptophan - W'), np.str_('Glutamine - Q'), np.str_('Proline - P'), np.str_('Valine - V'), np.str_('Tyrosine - Y'), np.str_('Arginine - R'), np.str_('Pos-neg charge ratio'), np.str_('Hydrophobicity Score'), np.str_('Drug Score'), 'Number of alpha spheres', 'Mean alpha-sphere radius', np.str_('Aromatic')]"
72,0.7536231884057971,"[np.str_('Glycine - G'), np.str_('Alanine - A'), np.str_('Methionine - M'), np.str_('Phenylalanine - F'), np.str_('Lysine - K'), np.str_('Glutamine - Q'), np.str_('Isoleucine - I'), np.str_('Arginine - R'), np.str_('Threonine - T'), 'Positive charge', 'Negative charge', np.str_('Number of apolar alpha sphere'), np.str_('Small'), np.str_('Aromatic')]"
73,0.855072463768116,"[np.str_('Glycine - G'), np.str_('Alanine - A'), np.str_('Methionine - M'), np.str_('Tryptophan - W'), np.str_('Lysine - K'), np.str_('Glutamic Acid - E'), np.str_('Valine - V'), np.str_('Isoleucine - I'), np.str_('Cysteine - C'), np.str_('Tyrosine - Y'), np.str_('Arginine - R'), np.str_('Aspartic Acid - D'), np.str_('Threonine - T'), 'Charged', 'Uncharged', np.str_('Proportion of apolar alpha sphere'), np.str_('Pocket volume (convex hull)')]"
74,0.855072463768116,"[np.str_('Alanine - A'), np.str_('Leucine - L'), np.str_('Methionine - M'), np.str_('Phenylalanine - F'), np.str_('Tryptophan - W'), np.str_('Glutamic Acid - E'), np.str_('Proline - P'), np.str_('Valine - V'), np.str_('Cysteine - C'), np.str_('Histidine - H'), np.str_('Asparagine - N'), np.str_('Aspartic Acid - D'), 'Charged', 'Uncharged', np.str_('Mean alpha-sphere Solvent Acc.'), np.str_('Drug Score'), np.str_('Pocket volume (Monte Carlo)'), np.str_('Aromatic'), np.str_('Number of residues')]"
75,0.8260869565217391,"[np.str_('Glycine - G'), np.str_('Methionine - M'), np.str_('Lysine - K'), np.str_('Glutamic Acid - E'), np.str_('Serine - S'), np.str_('Cysteine - C'), np.str_('Tyrosine - Y'), np.str_('Histidine - H'), np.str_('Arginine - R'), np.str_('Threonine - T'), 'Positive charge', 'Negative charge', np.str_('Hydrophobicity Score'), np.str_('Pocket volume (convex hull)'), np.str_('Number of residues')]"
76,0.7971014492753623,"[np.str_('Glycine - G'), np.str_('Alanine - A'), np.str_('Methionine - M'), np.str_('Phenylalanine - F'), np.str_('Tryptophan - W'), np.str_('Glutamic Acid - E'), np.str_('Serine - S'), np.str_('Isoleucine - I'), np.str_('Cysteine - C'), np.str_('Arginine - R'), np.str_('Aspartic Acid - D'), np.str_('Pos-neg charge ratio'), np.str_('Hydrophobicity Score'), np.str_('Drug Score'), 'Number of alpha spheres', 'Mean alpha-sphere radius', np.str_('Number of residues')]"
77,0.782608695652174,"[np.str_('Leucine - L'), np.str_('Methionine - M'), np.str_('Phenylalanine - F'), np.str_('Glutamic Acid - E'), np.str_('Proline - P'), np.str_('Isoleucine - I'), np.str_('Cysteine - C'), np.str_('Histidine - H'), np.str_('Aspartic Acid - D'), np.str_('Threonine - T'), np.str_('Charge Score'), np.str_('Hydrophobic'), np.str_('Drug Score'), np.str_('Pocket volume (convex hull)'), np.str_('Amino Acid based volume Score'), np.str_('Aromatic'), np.str_('Number of residues')]"
78,0.8405797101449275,"[np.str_('Glycine - G'), np.str_('Alanine - A'), np.str_('Methionine - M'), np.str_('Lysine - K'), np.str_('Glutamine - Q'), np.str_('Glutamic Acid - E'), np.str_('Isoleucine - I'), np.str_('Tyrosine - Y'), np.str_('Histidine - H'), 'Charged', 'Uncharged', np.str_('Pocket volume (convex hull)'), np.str_('Aromatic')]"
79,0.8405797101449275,"[np.str_('Leucine - L'), np.str_('Methionine - M'), np.str_('Phenylalanine - F'), np.str_('Glutamic Acid - E'), np.str_('Serine - S'), np.str_('Valine - V'), np.str_('Cysteine - C'), np.str_('Histidine - H'), 'Charged', 'Uncharged', np.str_('Hydrophobicity Score'), np.str_('Small'), np.str_('Amino Acid based volume Score')]"
80,0.8405797101449275,"[np.str_('Alanine - A'), np.str_('Methionine - M'), np.str_('Lysine - K'), np.str_('Glutamine - Q'), np.str_('Glutamic Acid - E'), np.str_('Histidine - H'), np.str_('Aspartic Acid - D'), np.str_('Threonine - T'), 'Charged', 'Uncharged', np.str_('Hydrophobicity Score'), 'Number of alpha spheres', 'Mean alpha-sphere radius', np.str_('Aromatic')]"
81,0.8260869565217391,"[np.str_('Alanine - A'), np.str_('Methionine - M'), np.str_('Glutamine - Q'), np.str_('Valine - V'), np.str_('Isoleucine - I'), np.str_('Tyrosine - Y'), np.str_('Arginine - R'), np.str_('Threonine - T'), np.str_('Pos-neg charge ratio'), np.str_('Drug Score'), 'Number of alpha spheres', 'Mean alpha-sphere radius', np.str_('Number of residues')]"
82,0.7101449275362319,"[np.str_('Methionine - M'), np.str_('Lysine - K'), np.str_('Glutamine - Q'), np.str_('Isoleucine - I'), np.str_('Tyrosine - Y'), np.str_('Histidine - H'), np.str_('Arginine - R'), np.str_('Aspartic Acid - D'), np.str_('Hydrophobicity Score'), np.str_('Drug Score'), np.str_('Pocket volume (Monte Carlo)'), np.str_('Number of residues')]"
83,0.8115942028985508,"[np.str_('Glycine - G'), np.str_('Alanine - A'), np.str_('Methionine - M'), np.str_('Phenylalanine - F'), np.str_('Glutamine - Q'), np.str_('Glutamic Acid - E'), np.str_('Cysteine - C'), np.str_('Histidine - H'), np.str_('Aspartic Acid - D'), np.str_('Threonine - T'), 'Positive charge', 'Negative charge', np.str_('Proportion of apolar alpha sphere'), np.str_('Pocket volume (Monte Carlo)'), np.str_('Aromatic')]"
84,0.7971014492753623,"[np.str_('Glycine - G'), np.str_('Leucine - L'), np.str_('Methionine - M'), np.str_('Tryptophan - W'), np.str_('Lysine - K'), np.str_('Glutamine - Q'), np.str_('Proline - P'), np.str_('Valine - V'), np.str_('Isoleucine - I'), np.str_('Tyrosine - Y'), np.str_('Histidine - H'), np.str_('Arginine - R'), np.str_('Aspartic Acid - D'), 'Positive charge', 'Negative charge', np.str_('Hydrophobicity Score'), 'Number of alpha spheres', 'Mean alpha-sphere radius', np.str_('Aromatic'), np.str_('Number of residues')]"
85,0.782608695652174,"[np.str_('Glycine - G'), np.str_('Alanine - A'), np.str_('Methionine - M'), np.str_('Tryptophan - W'), np.str_('Lysine - K'), np.str_('Glutamine - Q'), np.str_('Serine - S'), np.str_('Valine - V'), np.str_('Isoleucine - I'), np.str_('Tyrosine - Y'), np.str_('Arginine - R'), 'Charged', 'Uncharged', np.str_('Polarity Score'), np.str_('Drug Score'), np.str_('Pocket volume (convex hull)'), np.str_('Aromatic')]"
86,0.8260869565217391,"[np.str_('Leucine - L'), np.str_('Methionine - M'), np.str_('Tryptophan - W'), np.str_('Glutamine - Q'), np.str_('Glutamic Acid - E'), np.str_('Proline - P'), np.str_('Cysteine - C'), np.str_('Histidine - H'), np.str_('Aspartic Acid - D'), np.str_('Threonine - T'), 'Charged', 'Uncharged', np.str_('Proportion of apolar alpha sphere'), np.str_('Drug Score'), np.str_('Amino Acid based volume Score')]"
87,0.8260869565217391,"[np.str_('Alanine - A'), np.str_('Methionine - M'), np.str_('Phenylalanine - F'), np.str_('Lysine - K'), np.str_('Glutamine - Q'), np.str_('Proline - P'), np.str_('Valine - V'), np.str_('Tyrosine - Y'), np.str_('Histidine - H'), np.str_('Aspartic Acid - D'), np.str_('Pos-neg charge ratio'), np.str_('Hydrophobic'), np.str_('Drug Score'), np.str_('Small'), np.str_('Aromatic')]"
88,0.8695652173913043,"[np.str_('Alanine - A'), np.str_('Methionine - M'), np.str_('Tryptophan - W'), np.str_('Lysine - K'), np.str_('Glutamine - Q'), np.str_('Proline - P'), np.str_('Valine - V'), np.str_('Tyrosine - Y'), np.str_('Histidine - H'), np.str_('Arginine - R'), np.str_('Asparagine - N'), np.str_('Aspartic Acid - D'), np.str_('Threonine - T'), 'Positive charge', 'Negative charge', np.str_('Proportion of apolar alpha sphere'), np.str_('Drug Score'), np.str_('Pocket volume (convex hull)'), np.str_('Aromatic')]"
89,0.7536231884057971,"[np.str_('Alanine - A'), np.str_('Methionine - M'), np.str_('Phenylalanine - F'), np.str_('Tryptophan - W'), np.str_('Proline - P'), np.str_('Valine - V'), np.str_('Isoleucine - I'), np.str_('Cysteine - C'), np.str_('Tyrosine - Y'), np.str_('Histidine - H'), np.str_('Threonine - T'), np.str_('Pos-neg charge ratio'), np.str_('Number of apolar alpha sphere'), np.str_('Drug Score'), np.str_('Pocket volume (Monte Carlo)'), np.str_('Aromatic'), np.str_('Number of residues')]"
90,0.855072463768116,"[np.str_('Alanine - A'), np.str_('Methionine - M'), np.str_('Phenylalanine - F'), np.str_('Tryptophan - W'), np.str_('Lysine - K'), np.str_('Glutamine - Q'), np.str_('Serine - S'), np.str_('Valine - V'), np.str_('Isoleucine - I'), np.str_('Tyrosine - Y'), np.str_('Histidine - H'), np.str_('Arginine - R'), np.str_('Asparagine - N'), np.str_('Aspartic Acid - D'), 'Positive charge', 'Negative charge', np.str_('Hydrophobicity Score'), np.str_('Drug Score'), 'Number of alpha spheres', 'Mean alpha-sphere radius', np.str_('Aromatic')]"
91,0.8985507246376812,"[np.str_('Glycine - G'), np.str_('Alanine - A'), np.str_('Methionine - M'), np.str_('Tryptophan - W'), np.str_('Glutamine - Q'), np.str_('Proline - P'), np.str_('Valine - V'), np.str_('Isoleucine - I'), np.str_('Cysteine - C'), np.str_('Histidine - H'), np.str_('Arginine - R'), np.str_('Asparagine - N'), np.str_('Aspartic Acid - D'), np.str_('Threonine - T'), np.str_('Pos-neg charge ratio'), 'Polar', 'Non-polar', np.str_('Small'), np.str_('Aromatic')]"
92,0.8695652173913043,"[np.str_('Glycine - G'), np.str_('Methionine - M'), np.str_('Phenylalanine - F'), np.str_('Glutamine - Q'), np.str_('Glutamic Acid - E'), np.str_('Serine - S'), np.str_('Proline - P'), np.str_('Isoleucine - I'), np.str_('Cysteine - C'), np.str_('Tyrosine - Y'), np.str_('Histidine - H'), np.str_('Arginine - R'), np.str_('Threonine - T'), 'Positive charge', 'Negative charge', np.str_('Number of apolar alpha sphere'), np.str_('Aromatic'), np.str_('Number of residues')]"
93,0.7971014492753623,"[np.str_('Alanine - A'), np.str_('Methionine - M'), np.str_('Phenylalanine - F'), np.str_('Glutamine - Q'), np.str_('Glutamic Acid - E'), np.str_('Serine - S'), np.str_('Proline - P'), np.str_('Cysteine - C'), np.str_('Histidine - H'), np.str_('Arginine - R'), np.str_('Asparagine - N'), np.str_('Threonine - T'), 'Positive charge', 'Negative charge', np.str_('Number of apolar alpha sphere'), np.str_('Pocket volume (convex hull)'), np.str_('Aromatic'), np.str_('Number of residues')]"
94,0.8405797101449275,"[np.str_('Glycine - G'), np.str_('Alanine - A'), np.str_('Methionine - M'), np.str_('Phenylalanine - F'), np.str_('Lysine - K'), np.str_('Glutamine - Q'), np.str_('Serine - S'), np.str_('Proline - P'), np.str_('Valine - V'), np.str_('Isoleucine - I'), np.str_('Cysteine - C'), np.str_('Tyrosine - Y'), np.str_('Histidine - H'), np.str_('Arginine - R'), np.str_('Asparagine - N'), np.str_('Aspartic Acid - D'), np.str_('Threonine - T'), 'Positive charge', 'Negative charge', np.str_('Number of apolar alpha sphere'), np.str_('Pocket volume (Monte Carlo)'), np.str_('Aromatic')]"
95,0.8840579710144928,"[np.str_('Glycine - G'), np.str_('Alanine - A'), np.str_('Methionine - M'), np.str_('Glutamine - Q'), np.str_('Proline - P'), np.str_('Isoleucine - I'), np.str_('Tyrosine - Y'), np.str_('Histidine - H'), np.str_('Aspartic Acid - D'), np.str_('Threonine - T'), np.str_('Pos-neg charge ratio'), np.str_('Number of apolar alpha sphere'), 'Number of alpha spheres', 'Mean alpha-sphere radius', np.str_('Aromatic')]"
96,0.8115942028985508,"[np.str_('Alanine - A'), np.str_('Methionine - M'), np.str_('Phenylalanine - F'), np.str_('Tryptophan - W'), np.str_('Glutamine - Q'), np.str_('Serine - S'), np.str_('Isoleucine - I'), np.str_('Tyrosine - Y'), np.str_('Histidine - H'), np.str_('Charge Score'), np.str_('Hydrophobicity Score'), np.str_('Drug Score'), np.str_('Small'), np.str_('Aromatic'), np.str_('Number of residues')]"
97,0.8405797101449275,"[np.str_('Alanine - A'), np.str_('Methionine - M'), np.str_('Phenylalanine - F'), np.str_('Tryptophan - W'), np.str_('Lysine - K'), np.str_('Glutamine - Q'), np.str_('Serine - S'), np.str_('Proline - P'), np.str_('Valine - V'), np.str_('Histidine - H'), np.str_('Arginine - R'), np.str_('Asparagine - N'), np.str_('Pos-neg charge ratio'), 'Polar', 'Non-polar', np.str_('Drug Score'), np.str_('Pocket volume (convex hull)'), np.str_('Aromatic'), np.str_('Number of residues')]"
98,0.8695652173913043,"[np.str_('Phenylalanine - F'), np.str_('Tryptophan - W'), np.str_('Glutamine - Q'), np.str_('Serine - S'), np.str_('Proline - P'), np.str_('Valine - V'), np.str_('Cysteine - C'), np.str_('Histidine - H'), np.str_('Asparagine - N'), np.str_('Aspartic Acid - D'), np.str_('Pos-neg charge ratio'), 'Polar', 'Non-polar', 'Number of alpha spheres', 'Mean alpha-sphere radius', np.str_('Aromatic'), np.str_('Number of residues')]"
99,0.8840579710144928,"[np.str_('Glycine - G'), np.str_('Alanine - A'), np.str_('Methionine - M'), np.str_('Phenylalanine - F'), np.str_('Lysine - K'), np.str_('Glutamic Acid - E'), np.str_('Serine - S'), np.str_('Valine - V'), np.str_('Isoleucine - I'), np.str_('Cysteine - C'), np.str_('Tyrosine - Y'), np.str_('Histidine - H'), np.str_('Arginine - R'), np.str_('Asparagine - N'), np.str_('Aspartic Acid - D'), 'Charged', 'Uncharged', np.str_('Hydrophobicity Score'), np.str_('Drug Score'), np.str_('Small'), np.str_('Aromatic')]"
100,0.8405797101449275,"[np.str_('Glycine - G'), np.str_('Alanine - A'), np.str_('Methionine - M'), np.str_('Lysine - K'), np.str_('Glutamine - Q'), np.str_('Glutamic Acid - E'), np.str_('Isoleucine - I'), np.str_('Cysteine - C'), np.str_('Tyrosine - Y'), np.str_('Histidine - H'), np.str_('Arginine - R'), np.str_('Asparagine - N'), 'Charged', 'Uncharged', np.str_('Proportion of apolar alpha sphere'), np.str_('Number of residues')]"
101,0.8115942028985508,"[np.str_('Glycine - G'), np.str_('Tryptophan - W'), np.str_('Lysine - K'), np.str_('Glutamine - Q'), np.str_('Serine - S'), np.str_('Cysteine - C'), np.str_('Tyrosine - Y'), np.str_('Histidine - H'), np.str_('Asparagine - N'), np.str_('Aspartic Acid - D'), 'Charged', 'Uncharged', np.str_('Proportion of apolar alpha sphere'), np.str_('Drug Score'), 'Number of alpha spheres', 'Mean alpha-sphere radius']"
102,0.855072463768116,"[np.str_('Alanine - A'), np.str_('Methionine - M'), np.str_('Tryptophan - W'), np.str_('Glutamic Acid - E'), np.str_('Valine - V'), np.str_('Isoleucine - I'), np.str_('Tyrosine - Y'), np.str_('Histidine - H'), np.str_('Arginine - R'), np.str_('Asparagine - N'), np.str_('Charge Score'), np.str_('Proportion of apolar alpha sphere'), np.str_('Small'), np.str_('Aromatic')]"
103,0.8260869565217391,"[np.str_('Alanine - A'), np.str_('Methionine - M'), np.str_('Lysine - K'), np.str_('Serine - S'), np.str_('Isoleucine - I'), np.str_('Cysteine - C'), np.str_('Tyrosine - Y'), np.str_('Histidine - H'), np.str_('Arginine - R'), np.str_('Asparagine - N'), np.str_('Aspartic Acid - D'), np.str_('Threonine - T'), np.str_('Pos-neg charge ratio'), np.str_('Hydrophobic'), np.str_('Pocket volume (Monte Carlo)'), np.str_('Aromatic')]"
104,0.8260869565217391,"[np.str_('Glycine - G'), np.str_('Methionine - M'), np.str_('Lysine - K'), np.str_('Glutamine - Q'), np.str_('Isoleucine - I'), np.str_('Cysteine - C'), np.str_('Histidine - H'), np.str_('Arginine - R'), np.str_('Aspartic Acid - D'), 'Positive charge', 'Negative charge', np.str_('Hydrophobic'), np.str_('Small'), np.str_('Number of residues')]"
105,0.7681159420289855,"[np.str_('Alanine - A'), np.str_('Methionine - M'), np.str_('Lysine - K'), np.str_('Glutamic Acid - E'), np.str_('Serine - S'), np.str_('Valine - V'), np.str_('Isoleucine - I'), np.str_('Histidine - H'), np.str_('Arginine - R'), np.str_('Asparagine - N'), np.str_('Aspartic Acid - D'), np.str_('Pos-neg charge ratio'), np.str_('Number of apolar alpha sphere'), np.str_('Drug Score'), np.str_('Small'), np.str_('Aromatic')]"
106,0.8115942028985508,"[np.str_('Glycine - G'), np.str_('Methionine - M'), np.str_('Phenylalanine - F'), np.str_('Lysine - K'), np.str_('Glutamine - Q'), np.str_('Glutamic Acid - E'), np.str_('Serine - S'), np.str_('Proline - P'), np.str_('Tyrosine - Y'), np.str_('Arginine - R'), np.str_('Asparagine - N'), np.str_('Charge Score'), np.str_('Mean alpha-sphere Solvent Acc.'), np.str_('Small'), np.str_('Amino Acid based volume Score'), np.str_('Aromatic'), np.str_('Number of residues')]"
107,0.8115942028985508,"[np.str_('Glycine - G'), np.str_('Alanine - A'), np.str_('Methionine - M'), np.str_('Phenylalanine - F'), np.str_('Glutamine - Q'), np.str_('Glutamic Acid - E'), np.str_('Serine - S'), np.str_('Proline - P'), np.str_('Isoleucine - I'), np.str_('Cysteine - C'), np.str_('Histidine - H'), np.str_('Arginine - R'), np.str_('Asparagine - N'), np.str_('Pos-neg charge ratio'), np.str_('Hydrophobic'), np.str_('Number of residues')]"
108,0.8405797101449275,"[np.str_('Glycine - G'), np.str_('Methionine - M'), np.str_('Tryptophan - W'), np.str_('Glutamine - Q'), np.str_('Glutamic Acid - E'), np.str_('Serine - S'), np.str_('Proline - P'), np.str_('Isoleucine - I'), np.str_('Cysteine - C'), np.str_('Histidine - H'), np.str_('Arginine - R'), np.str_('Drug Score'), np.str_('Pocket volume (Monte Carlo)'), np.str_('Aromatic'), np.str_('Number of residues')]"
109,0.855072463768116,"[np.str_('Glycine - G'), np.str_('Alanine - A'), np.str_('Methionine - M'), np.str_('Phenylalanine - F'), np.str_('Tryptophan - W'), np.str_('Serine - S'), np.str_('Proline - P'), np.str_('Valine - V'), np.str_('Isoleucine - I'), np.str_('Cysteine - C'), np.str_('Tyrosine - Y'), np.str_('Arginine - R'), np.str_('Threonine - T'), 'Polar', 'Non-polar', np.str_('Pocket volume (convex hull)'), np.str_('Number of residues')]"
110,0.855072463768116,"[np.str_('Glycine - G'), np.str_('Methionine - M'), np.str_('Phenylalanine - F'), np.str_('Tryptophan - W'), np.str_('Glutamine - Q'), np.str_('Serine - S'), np.str_('Proline - P'), np.str_('Isoleucine - I'), np.str_('Cysteine - C'), np.str_('Histidine - H'), np.str_('Arginine - R'), np.str_('Aspartic Acid - D'), np.str_('Pos-neg charge ratio'), np.str_('Hydrophobic'), np.str_('Drug Score'), np.str_('Number of residues')]"
111,0.7971014492753623,"[np.str_('Alanine - A'), np.str_('Methionine - M'), np.str_('Glutamine - Q'), np.str_('Glutamic Acid - E'), np.str_('Serine - S'), np.str_('Isoleucine - I'), np.str_('Cysteine - C'), np.str_('Histidine - H'), np.str_('Arginine - R'), np.str_('Asparagine - N'), np.str_('Threonine - T'), np.str_('Pocket volume (Monte Carlo)'), np.str_('Aromatic'), np.str_('Number of residues')]"
112,0.8405797101449275,"[np.str_('Leucine - L'), np.str_('Phenylalanine - F'), np.str_('Serine - S'), np.str_('Valine - V'), np.str_('Isoleucine - I'), np.str_('Cysteine - C'), np.str_('Tyrosine - Y'), np.str_('Asparagine - N'), 'Polar', 'Non-polar', np.str_('Small'), np.str_('Aromatic')]"
113,0.8405797101449275,"[np.str_('Phenylalanine - F'), np.str_('Tryptophan - W'), np.str_('Serine - S'), np.str_('Valine - V'), np.str_('Cysteine - C'), np.str_('Histidine - H'), np.str_('Asparagine - N'), np.str_('Aspartic Acid - D'), np.str_('Drug Score'), np.str_('Small'), np.str_('Aromatic')]"
114,0.8260869565217391,"[np.str_('Lysine - K'), np.str_('Glutamine - Q'), np.str_('Serine - S'), np.str_('Histidine - H'), np.str_('Arginine - R'), np.str_('Asparagine - N'), np.str_('Aspartic Acid - D'), np.str_('Pos-neg charge ratio'), np.str_('Hydrophobic'), np.str_('Drug Score'), np.str_('Amino Acid based volume Score'), np.str_('Aromatic')]"
115,0.8985507246376812,"[np.str_('Glycine - G'), np.str_('Methionine - M'), np.str_('Serine - S'), np.str_('Isoleucine - I'), np.str_('Cysteine - C'), np.str_('Tyrosine - Y'), np.str_('Histidine - H'), np.str_('Arginine - R'), np.str_('Aspartic Acid - D'), np.str_('Pos-neg charge ratio'), 'Polar', 'Non-polar', np.str_('Drug Score'), np.str_('Small')]"
116,0.7971014492753623,"[np.str_('Leucine - L'), np.str_('Methionine - M'), np.str_('Glutamic Acid - E'), np.str_('Proline - P'), np.str_('Valine - V'), np.str_('Isoleucine - I'), np.str_('Tyrosine - Y'), np.str_('Asparagine - N'), np.str_('Aspartic Acid - D'), np.str_('Threonine - T'), np.str_('Pos-neg charge ratio'), np.str_('Drug Score'), np.str_('Small'), np.str_('Aromatic')]"
117,0.855072463768116,"[np.str_('Glycine - G'), np.str_('Alanine - A'), np.str_('Methionine - M'), np.str_('Phenylalanine - F'), np.str_('Tryptophan - W'), np.str_('Lysine - K'), np.str_('Glutamic Acid - E'), np.str_('Proline - P'), np.str_('Isoleucine - I'), np.str_('Cysteine - C'), np.str_('Tyrosine - Y'), np.str_('Histidine - H'), np.str_('Arginine - R'), np.str_('Asparagine - N'), 'Positive charge', 'Negative charge', np.str_('Proportion of apolar alpha sphere'), 'Number of alpha spheres', 'Mean alpha-sphere radius', np.str_('Number of residues')]"
118,0.7971014492753623,"[np.str_('Glycine - G'), np.str_('Alanine - A'), np.str_('Leucine - L'), np.str_('Methionine - M'), np.str_('Phenylalanine - F'), np.str_('Serine - S'), np.str_('Valine - V'), np.str_('Cysteine - C'), np.str_('Tyrosine - Y'), np.str_('Arginine - R'), 'Positive charge', 'Negative charge', np.str_('Local hydrophobic density Score'), np.str_('Drug Score'), np.str_('Small')]"
119,0.8985507246376812,"[np.str_('Glycine - G'), np.str_('Alanine - A'), np.str_('Methionine - M'), np.str_('Phenylalanine - F'), np.str_('Lysine - K'), np.str_('Proline - P'), np.str_('Isoleucine - I'), np.str_('Cysteine - C'), np.str_('Tyrosine - Y'), np.str_('Histidine - H'), np.str_('Arginine - R'), np.str_('Asparagine - N'), 'Positive charge', 'Negative charge', 'Polar', 'Non-polar', np.str_('Pocket volume (convex hull)'), np.str_('Number of residues')]"
120,0.782608695652174,"[np.str_('Methionine - M'), np.str_('Phenylalanine - F'), np.str_('Tryptophan - W'), np.str_('Lysine - K'), np.str_('Serine - S'), np.str_('Isoleucine - I'), np.str_('Cysteine - C'), np.str_('Tyrosine - Y'), np.str_('Histidine - H'), np.str_('Arginine - R'), np.str_('Threonine - T'), np.str_('Charge Score'), np.str_('Drug Score'), np.str_('Pocket volume (Monte Carlo)'), np.str_('Aromatic'), np.str_('Number of residues')]"
121,0.855072463768116,"[np.str_('Glycine - G'), np.str_('Phenylalanine - F'), np.str_('Serine - S'), np.str_('Proline - P'), np.str_('Tyrosine - Y'), np.str_('Histidine - H'), np.str_('Asparagine - N'), np.str_('Threonine - T'), np.str_('Pos-neg charge ratio'), 'Polar', 'Non-polar', 'Number of alpha spheres', 'Mean alpha-sphere radius', np.str_('Aromatic')]"
122,0.8260869565217391,"[np.str_('Glycine - G'), np.str_('Alanine - A'), np.str_('Phenylalanine - F'), np.str_('Glutamine - Q'), np.str_('Glutamic Acid - E'), np.str_('Proline - P'), np.str_('Isoleucine - I'), np.str_('Cysteine - C'), np.str_('Histidine - H'), np.str_('Arginine - R'), np.str_('Asparagine - N'), np.str_('Pos-neg charge ratio'), np.str_('Hydrophobicity Score'), np.str_('Drug Score'), np.str_('Aromatic')]"
123,0.782608695652174,"[np.str_('Glycine - G'), np.str_('Alanine - A'), np.str_('Methionine - M'), np.str_('Phenylalanine - F'), np.str_('Tryptophan - W'), np.str_('Lysine - K'), np.str_('Glutamine - Q'), np.str_('Proline - P'), np.str_('Isoleucine - I'), np.str_('Cysteine - C'), np.str_('Histidine - H'), np.str_('Arginine - R'), np.str_('Asparagine - N'), np.str_('Aspartic Acid - D'), np.str_('Threonine - T'), 'Positive charge', 'Negative charge', np.str_('Local hydrophobic density Score'), np.str_('Pocket volume (convex hull)'), np.str_('Number of residues')]"
124,0.8695652173913043,"[np.str_('Glycine - G'), np.str_('Methionine - M'), np.str_('Phenylalanine - F'), np.str_('Tryptophan - W'), np.str_('Glutamine - Q'), np.str_('Serine - S'), np.str_('Proline - P'), np.str_('Cysteine - C'), np.str_('Tyrosine - Y'), np.str_('Histidine - H'), np.str_('Arginine - R'), np.str_('Asparagine - N'), np.str_('Aspartic Acid - D'), 'Positive charge', 'Negative charge', np.str_('Small'), np.str_('Aromatic')]"
125,0.7391304347826086,"[np.str_('Leucine - L'), np.str_('Tryptophan - W'), np.str_('Glutamine - Q'), np.str_('Serine - S'), np.str_('Valine - V'), np.str_('Isoleucine - I'), np.str_('Cysteine - C'), np.str_('Histidine - H'), np.str_('Asparagine - N'), np.str_('Aspartic Acid - D'), np.str_('Threonine - T'), np.str_('Charge Score'), np.str_('Number of apolar alpha sphere'), np.str_('Drug Score'), np.str_('Pocket volume (convex hull)'), np.str_('Number of residues')]"
126,0.8260869565217391,"[np.str_('Glycine - G'), np.str_('Alanine - A'), np.str_('Leucine - L'), np.str_('Methionine - M'), np.str_('Phenylalanine - F'), np.str_('Lysine - K'), np.str_('Glutamic Acid - E'), np.str_('Proline - P'), np.str_('Valine - V'), np.str_('Isoleucine - I'), np.str_('Cysteine - C'), np.str_('Histidine - H'), np.str_('Asparagine - N'), np.str_('Aspartic Acid - D'), np.str_('Threonine - T'), np.str_('Charge Score'), np.str_('Hydrophobicity Score'), np.str_('Aromatic'), np.str_('Number of residues')]"
127,0.8260869565217391,"[np.str_('Glycine - G'), np.str_('Phenylalanine - F'), np.str_('Lysine - K'), np.str_('Glutamine - Q'), np.str_('Glutamic Acid - E'), np.str_('Proline - P'), np.str_('Isoleucine - I'), np.str_('Cysteine - C'), np.str_('Histidine - H'), np.str_('Asparagine - N'), np.str_('Aspartic Acid - D'), 'Positive charge', 'Negative charge', np.str_('Hydrophobic'), np.str_('Drug Score'), np.str_('Pocket volume (convex hull)')]"
128,0.7971014492753623,"[np.str_('Glycine - G'), np.str_('Alanine - A'), np.str_('Methionine - M'), np.str_('Phenylalanine - F'), np.str_('Lysine - K'), np.str_('Glutamine - Q'), np.str_('Proline - P'), np.str_('Cysteine - C'), np.str_('Histidine - H'), np.str_('Asparagine - N'), np.str_('Threonine - T'), np.str_('Hydrophobic'), np.str_('Drug Score'), np.str_('Pocket volume (convex hull)'), np.str_('Amino Acid based volume Score'), np.str_('Aromatic')]"
129,0.855072463768116,"[np.str_('Alanine - A'), np.str_('Methionine - M'), np.str_('Phenylalanine - F'), np.str_('Tryptophan - W'), np.str_('Glutamine - Q'), np.str_('Serine - S'), np.str_('Proline - P'), np.str_('Valine - V'), np.str_('Tyrosine - Y'), np.str_('Arginine - R'), np.str_('Asparagine - N'), np.str_('Aspartic Acid - D'), np.str_('Hydrophobic'), np.str_('Drug Score'), np.str_('Pocket volume (convex hull)'), np.str_('Number of residues')]"
130,0.8695652173913043,"[np.str_('Glycine - G'), np.str_('Phenylalanine - F'), np.str_('Tryptophan - W'), np.str_('Glutamine - Q'), np.str_('Proline - P'), np.str_('Isoleucine - I'), np.str_('Cysteine - C'), np.str_('Histidine - H'), np.str_('Aspartic Acid - D'), np.str_('Threonine - T'), 'Positive charge', 'Negative charge', np.str_('Mean alpha-sphere Solvent Acc.'), np.str_('Pocket volume (convex hull)'), np.str_('Aromatic'), np.str_('Number of residues')]"
131,0.8840579710144928,"[np.str_('Glycine - G'), np.str_('Leucine - L'), np.str_('Methionine - M'), np.str_('Glutamic Acid - E'), np.str_('Cysteine - C'), np.str_('Histidine - H'), np.str_('Arginine - R'), np.str_('Threonine - T'), 'Positive charge', 'Negative charge', 'Polar', 'Non-polar', np.str_('Small'), np.str_('Amino Acid based volume Score'), np.str_('Number of residues')]"
132,0.927536231884058,"[np.str_('Alanine - A'), np.str_('Methionine - M'), np.str_('Tryptophan - W'), np.str_('Isoleucine - I'), np.str_('Cysteine - C'), np.str_('Histidine - H'), np.str_('Asparagine - N'), 'Positive charge', 'Negative charge', 'Polar', 'Non-polar', np.str_('Amino Acid based volume Score')]"
133,0.8260869565217391,"[np.str_('Alanine - A'), np.str_('Methionine - M'), np.str_('Phenylalanine - F'), np.str_('Tryptophan - W'), np.str_('Glutamine - Q'), np.str_('Histidine - H'), np.str_('Asparagine - N'), np.str_('Aspartic Acid - D'), 'Positive charge', 'Negative charge', 'Polar', 'Non-polar', np.str_('Drug Score'), np.str_('Small'), np.str_('Amino Acid based volume Score')]"
134,0.8840579710144928,"[np.str_('Alanine - A'), np.str_('Leucine - L'), np.str_('Methionine - M'), np.str_('Tryptophan - W'), np.str_('Glutamine - Q'), np.str_('Glutamic Acid - E'), np.str_('Valine - V'), np.str_('Isoleucine - I'), np.str_('Cysteine - C'), np.str_('Histidine - H'), np.str_('Asparagine - N'), np.str_('Threonine - T'), 'Positive charge', 'Negative charge', 'Polar', 'Non-polar', np.str_('Drug Score'), np.str_('Pocket volume (convex hull)')]"
135,0.8985507246376812,"[np.str_('Alanine - A'), np.str_('Phenylalanine - F'), np.str_('Glutamic Acid - E'), np.str_('Valine - V'), np.str_('Cysteine - C'), np.str_('Histidine - H'), np.str_('Arginine - R'), np.str_('Asparagine - N'), 'Polar', 'Non-polar', 'Number of alpha spheres', 'Mean alpha-sphere radius', np.str_('Aromatic'), np.str_('Number of residues')]"
136,0.8405797101449275,"[np.str_('Alanine - A'), np.str_('Phenylalanine - F'), np.str_('Lysine - K'), np.str_('Glutamine - Q'), np.str_('Proline - P'), np.str_('Cysteine - C'), np.str_('Tyrosine - Y'), np.str_('Arginine - R'), np.str_('Aspartic Acid - D'), np.str_('Charge Score'), np.str_('Polarity Score'), np.str_('Drug Score'), np.str_('Amino Acid based volume Score'), np.str_('Aromatic')]"
137,0.8260869565217391,"[np.str_('Alanine - A'), np.str_('Leucine - L'), np.str_('Lysine - K'), np.str_('Glutamine - Q'), np.str_('Glutamic Acid - E'), np.str_('Valine - V'), np.str_('Cysteine - C'), np.str_('Histidine - H'), np.str_('Threonine - T'), 'Polar', 'Non-polar', np.str_('Pocket volume (Monte Carlo)'), np.str_('Amino Acid based volume Score'), np.str_('Aromatic'), np.str_('Number of residues')]"
138,0.855072463768116,"[np.str_('Leucine - L'), np.str_('Methionine - M'), np.str_('Phenylalanine - F'), np.str_('Tryptophan - W'), np.str_('Glutamic Acid - E'), np.str_('Proline - P'), np.str_('Isoleucine - I'), np.str_('Cysteine - C'), np.str_('Tyrosine - Y'), np.str_('Histidine - H'), np.str_('Arginine - R'), np.str_('Asparagine - N'), 'Charged', 'Uncharged', 'Polar', 'Non-polar', np.str_('Drug Score'), np.str_('Amino Acid based volume Score'), np.str_('Aromatic')]"
139,0.8405797101449275,"[np.str_('Methionine - M'), np.str_('Phenylalanine - F'), np.str_('Lysine - K'), np.str_('Isoleucine - I'), np.str_('Cysteine - C'), np.str_('Histidine - H'), 'Charged', 'Uncharged', np.str_('Mean alpha-sphere Solvent Acc.'), np.str_('Drug Score'), 'Number of alpha spheres', 'Mean alpha-sphere radius', np.str_('Number of residues')]"
140,0.855072463768116,"[np.str_('Leucine - L'), np.str_('Lysine - K'), np.str_('Glutamine - Q'), np.str_('Serine - S'), np.str_('Tyrosine - Y'), np.str_('Asparagine - N'), np.str_('Aspartic Acid - D'), np.str_('Proportion of apolar alpha sphere'), np.str_('Drug Score'), 'Number of alpha spheres', 'Mean alpha-sphere radius']"
141,0.9130434782608695,"[np.str_('Glycine - G'), np.str_('Alanine - A'), np.str_('Methionine - M'), np.str_('Phenylalanine - F'), np.str_('Lysine - K'), np.str_('Glutamic Acid - E'), np.str_('Serine - S'), np.str_('Cysteine - C'), np.str_('Histidine - H'), np.str_('Arginine - R'), np.str_('Asparagine - N'), np.str_('Aspartic Acid - D'), np.str_('Threonine - T'), np.str_('Charge Score'), 'Polar', 'Non-polar']"
142,0.8840579710144928,"[np.str_('Alanine - A'), np.str_('Leucine - L'), np.str_('Methionine - M'), np.str_('Tryptophan - W'), np.str_('Glutamic Acid - E'), np.str_('Serine - S'), np.str_('Isoleucine - I'), np.str_('Cysteine - C'), np.str_('Tyrosine - Y'), np.str_('Histidine - H'), np.str_('Asparagine - N'), np.str_('Aspartic Acid - D'), np.str_('Threonine - T'), 'Polar', 'Non-polar', np.str_('Amino Acid based volume Score'), np.str_('Aromatic')]"
143,0.8405797101449275,"[np.str_('Glycine - G'), np.str_('Alanine - A'), np.str_('Tryptophan - W'), np.str_('Lysine - K'), np.str_('Glutamine - Q'), np.str_('Glutamic Acid - E'), np.str_('Proline - P'), np.str_('Valine - V'), np.str_('Cysteine - C'), np.str_('Histidine - H'), np.str_('Asparagine - N'), np.str_('Aspartic Acid - D'), 'Positive charge', 'Negative charge', 'Polar', 'Non-polar', np.str_('Pocket volume (Monte Carlo)'), np.str_('Amino Acid based volume Score')]"
144,0.8695652173913043,"[np.str_('Glycine - G'), np.str_('Methionine - M'), np.str_('Glutamic Acid - E'), np.str_('Serine - S'), np.str_('Valine - V'), np.str_('Cysteine - C'), np.str_('Histidine - H'), np.str_('Aspartic Acid - D'), 'Polar', 'Non-polar', np.str_('Small'), np.str_('Amino Acid based volume Score'), np.str_('Aromatic')]"
145,0.8115942028985508,"[np.str_('Alanine - A'), np.str_('Methionine - M'), np.str_('Phenylalanine - F'), np.str_('Tryptophan - W'), np.str_('Lysine - K'), np.str_('Glutamic Acid - E'), np.str_('Proline - P'), np.str_('Valine - V'), np.str_('Isoleucine - I'), np.str_('Cysteine - C'), np.str_('Histidine - H'), np.str_('Arginine - R'), np.str_('Asparagine - N'), np.str_('Aspartic Acid - D'), np.str_('Mean alpha-sphere Solvent Acc.'), np.str_('Drug Score'), np.str_('Pocket volume (convex hull)')]"
146,0.9130434782608695,"[np.str_('Lysine - K'), np.str_('Glutamine - Q'), np.str_('Glutamic Acid - E'), np.str_('Proline - P'), np.str_('Cysteine - C'), np.str_('Histidine - H'), np.str_('Arginine - R'), np.str_('Aspartic Acid - D'), np.str_('Threonine - T'), np.str_('Charge Score'), 'Polar', 'Non-polar', np.str_('Aromatic')]"
147,0.8260869565217391,"[np.str_('Glycine - G'), np.str_('Glutamine - Q'), np.str_('Glutamic Acid - E'), np.str_('Serine - S'), np.str_('Valine - V'), np.str_('Cysteine - C'), np.str_('Tyrosine - Y'), np.str_('Histidine - H'), np.str_('Asparagine - N'), np.str_('Aspartic Acid - D'), np.str_('Threonine - T'), 'Charged', 'Uncharged', np.str_('Drug Score'), np.str_('Pocket volume (convex hull)'), np.str_('Amino Acid based volume Score'), np.str_('Aromatic')]"
148,0.8260869565217391,"[np.str_('Glycine - G'), np.str_('Leucine - L'), np.str_('Phenylalanine - F'), np.str_('Glutamic Acid - E'), np.str_('Serine - S'), np.str_('Cysteine - C'), np.str_('Tyrosine - Y'), np.str_('Histidine - H'), np.str_('Asparagine - N'), 'Charged', 'Uncharged', np.str_('Number of apolar alpha sphere'), np.str_('Drug Score'), 'Number of alpha spheres', 'Mean alpha-sphere radius', np.str_('Amino Acid based volume Score'), np.str_('Number of residues')]"
149,0.7681159420289855,"[np.str_('Glycine - G'), np.str_('Leucine - L'), np.str_('Methionine - M'), np.str_('Lysine - K'), np.str_('Glutamine - Q'), np.str_('Proline - P'), np.str_('Valine - V'), np.str_('Isoleucine - I'), np.str_('Cysteine - C'), np.str_('Tyrosine - Y'), 'Charged', 'Uncharged', 'Polar', 'Non-polar', 'Number of alpha spheres', 'Mean alpha-sphere radius', np.str_('Amino Acid based volume Score'), np.str_('Number of residues')]"
150,0.7391304347826086,"[np.str_('Alanine - A'), np.str_('Phenylalanine - F'), np.str_('Glutamine - Q'), np.str_('Proline - P'), np.str_('Isoleucine - I'), np.str_('Cysteine - C'), np.str_('Tyrosine - Y'), np.str_('Asparagine - N'), np.str_('Threonine - T'), 'Charged', 'Uncharged', np.str_('Mean alpha-sphere Solvent Acc.'), 'Number of alpha spheres', 'Mean alpha-sphere radius', np.str_('Number of residues')]"
151,0.8115942028985508,"[np.str_('Alanine - A'), np.str_('Leucine - L'), np.str_('Methionine - M'), np.str_('Phenylalanine - F'), np.str_('Serine - S'), np.str_('Proline - P'), np.str_('Isoleucine - I'), np.str_('Cysteine - C'), np.str_('Tyrosine - Y'), np.str_('Aspartic Acid - D'), 'Charged', 'Uncharged', np.str_('Local hydrophobic density Score')]"
152,0.855072463768116,"[np.str_('Glycine - G'), np.str_('Alanine - A'), np.str_('Serine - S'), np.str_('Cysteine - C'), np.str_('Tyrosine - Y'), np.str_('Arginine - R'), np.str_('Aspartic Acid - D'), 'Charged', 'Uncharged', np.str_('Hydrophobic'), np.str_('Pocket volume (convex hull)')]"
153,0.8115942028985508,"[np.str_('Glycine - G'), np.str_('Methionine - M'), np.str_('Proline - P'), np.str_('Tyrosine - Y'), np.str_('Histidine - H'), np.str_('Arginine - R'), np.str_('Asparagine - N'), np.str_('Aspartic Acid - D'), np.str_('Threonine - T'), np.str_('Number of apolar alpha sphere'), np.str_('Small'), np.str_('Aromatic'), np.str_('Number of residues')]"
154,0.855072463768116,"[np.str_('Glycine - G'), np.str_('Alanine - A'), np.str_('Leucine - L'), np.str_('Methionine - M'), np.str_('Serine - S'), np.str_('Isoleucine - I'), np.str_('Cysteine - C'), np.str_('Tyrosine - Y'), np.str_('Arginine - R'), np.str_('Aspartic Acid - D'), np.str_('Threonine - T'), 'Positive charge', 'Negative charge', np.str_('Polarity Score'), np.str_('Drug Score'), np.str_('Pocket volume (Monte Carlo)'), np.str_('Number of residues')]"
155,0.7971014492753623,"[np.str_('Glycine - G'), np.str_('Leucine - L'), np.str_('Phenylalanine - F'), np.str_('Proline - P'), np.str_('Valine - V'), np.str_('Isoleucine - I'), np.str_('Asparagine - N'), np.str_('Threonine - T'), np.str_('Polarity Score'), 'Number of alpha spheres', 'Mean alpha-sphere radius', np.str_('Amino Acid based volume Score'), np.str_('Aromatic')]"
156,0.855072463768116,"[np.str_('Alanine - A'), np.str_('Leucine - L'), np.str_('Phenylalanine - F'), np.str_('Tryptophan - W'), np.str_('Lysine - K'), np.str_('Tyrosine - Y'), np.str_('Histidine - H'), np.str_('Aspartic Acid - D'), np.str_('Charge Score'), np.str_('Proportion of apolar alpha sphere'), 'Number of alpha spheres', 'Mean alpha-sphere radius', np.str_('Amino Acid based volume Score'), np.str_('Number of residues')]"
157,0.8405797101449275,"[np.str_('Alanine - A'), np.str_('Leucine - L'), np.str_('Phenylalanine - F'), np.str_('Glutamine - Q'), np.str_('Glutamic Acid - E'), np.str_('Serine - S'), np.str_('Proline - P'), np.str_('Valine - V'), np.str_('Cysteine - C'), np.str_('Tyrosine - Y'), np.str_('Asparagine - N'), np.str_('Aspartic Acid - D'), np.str_('Threonine - T'), 'Charged', 'Uncharged', np.str_('Pocket volume (convex hull)'), np.str_('Amino Acid based volume Score'), np.str_('Aromatic')]"
158,0.782608695652174,"[np.str_('Alanine - A'), np.str_('Methionine - M'), np.str_('Phenylalanine - F'), np.str_('Proline - P'), np.str_('Cysteine - C'), np.str_('Asparagine - N'), np.str_('Aspartic Acid - D'), np.str_('Threonine - T'), np.str_('Charge Score'), np.str_('Hydrophobic'), np.str_('Drug Score'), 'Number of alpha spheres', 'Mean alpha-sphere radius', np.str_('Amino Acid based volume Score'), np.str_('Aromatic')]"
159,0.8405797101449275,"[np.str_('Glycine - G'), np.str_('Leucine - L'), np.str_('Methionine - M'), np.str_('Serine - S'), np.str_('Proline - P'), np.str_('Isoleucine - I'), np.str_('Histidine - H'), np.str_('Aspartic Acid - D'), 'Charged', 'Uncharged', np.str_('Hydrophobicity Score'), np.str_('Pocket volume (Monte Carlo)'), np.str_('Aromatic')]"
160,0.9130434782608695,"[np.str_('Glycine - G'), np.str_('Alanine - A'), np.str_('Methionine - M'), np.str_('Phenylalanine - F'), np.str_('Glutamine - Q'), np.str_('Glutamic Acid - E'), np.str_('Cysteine - C'), np.str_('Histidine - H'), np.str_('Arginine - R'), np.str_('Aspartic Acid - D'), 'Charged', 'Uncharged', 'Polar', 'Non-polar', np.str_('Drug Score'), np.str_('Pocket volume (convex hull)'), np.str_('Aromatic')]"
161,0.7971014492753623,"[np.str_('Glycine - G'), np.str_('Alanine - A'), np.str_('Leucine - L'), np.str_('Phenylalanine - F'), np.str_('Glutamine - Q'), np.str_('Proline - P'), np.str_('Valine - V'), np.str_('Isoleucine - I'), np.str_('Tyrosine - Y'), np.str_('Histidine - H'), np.str_('Asparagine - N'), np.str_('Aspartic Acid - D'), np.str_('Threonine - T'), 'Charged', 'Uncharged', np.str_('Number of apolar alpha sphere'), np.str_('Drug Score'), np.str_('Small'), np.str_('Amino Acid based volume Score'), np.str_('Aromatic')]"
162,0.8405797101449275,"[np.str_('Alanine - A'), np.str_('Phenylalanine - F'), np.str_('Tryptophan - W'), np.str_('Lysine - K'), np.str_('Glutamine - Q'), np.str_('Serine - S'), np.str_('Valine - V'), np.str_('Cysteine - C'), np.str_('Arginine - R'), np.str_('Charge Score'), 'Number of alpha spheres', 'Mean alpha-sphere radius', np.str_('Aromatic'), np.str_('Number of residues')]"
163,0.7536231884057971,"[np.str_('Glycine - G'), np.str_('Alanine - A'), np.str_('Tryptophan - W'), np.str_('Lysine - K'), np.str_('Proline - P'), np.str_('Valine - V'), np.str_('Aspartic Acid - D'), np.str_('Charge Score'), np.str_('Local hydrophobic density Score'), 'Number of alpha spheres', 'Mean alpha-sphere radius', np.str_('Amino Acid based volume Score'), np.str_('Number of residues')]"
164,0.7681159420289855,"[np.str_('Leucine - L'), np.str_('Methionine - M'), np.str_('Phenylalanine - F'), np.str_('Lysine - K'), np.str_('Glutamine - Q'), np.str_('Glutamic Acid - E'), np.str_('Serine - S'), np.str_('Isoleucine - I'), np.str_('Tyrosine - Y'), np.str_('Arginine - R'), np.str_('Asparagine - N'), 'Charged', 'Uncharged', np.str_('Proportion of apolar alpha sphere'), np.str_('Drug Score'), np.str_('Pocket volume (Monte Carlo)'), np.str_('Number of residues')]"
165,0.8695652173913043,"[np.str_('Leucine - L'), np.str_('Methionine - M'), np.str_('Phenylalanine - F'), np.str_('Tryptophan - W'), np.str_('Glutamine - Q'), np.str_('Glutamic Acid - E'), np.str_('Serine - S'), np.str_('Isoleucine - I'), np.str_('Cysteine - C'), np.str_('Tyrosine - Y'), np.str_('Histidine - H'), np.str_('Aspartic Acid - D'), np.str_('Threonine - T'), np.str_('Pos-neg charge ratio'), 'Polar', 'Non-polar', np.str_('Amino Acid based volume Score'), np.str_('Aromatic')]"
166,0.7681159420289855,"[np.str_('Phenylalanine - F'), np.str_('Tryptophan - W'), np.str_('Glutamine - Q'), np.str_('Valine - V'), np.str_('Isoleucine - I'), np.str_('Tyrosine - Y'), np.str_('Histidine - H'), np.str_('Arginine - R'), np.str_('Threonine - T'), 'Positive charge', 'Negative charge', np.str_('Local hydrophobic density Score'), np.str_('Drug Score'), np.str_('Amino Acid based volume Score'), np.str_('Aromatic'), np.str_('Number of residues')]"
167,0.8115942028985508,"[np.str_('Alanine - A'), np.str_('Methionine - M'), np.str_('Phenylalanine - F'), np.str_('Lysine - K'), np.str_('Glutamic Acid - E'), np.str_('Proline - P'), np.str_('Valine - V'), np.str_('Isoleucine - I'), np.str_('Cysteine - C'), np.str_('Arginine - R'), np.str_('Asparagine - N'), np.str_('Aspartic Acid - D'), 'Charged', 'Uncharged', np.str_('Local hydrophobic density Score'), np.str_('Pocket volume (Monte Carlo)'), np.str_('Amino Acid based volume Score'), np.str_('Aromatic'), np.str_('Number of residues')]"
168,0.8985507246376812,"[np.str_('Glycine - G'), np.str_('Leucine - L'), np.str_('Methionine - M'), np.str_('Phenylalanine - F'), np.str_('Tryptophan - W'), np.str_('Lysine - K'), np.str_('Glutamic Acid - E'), np.str_('Serine - S'), np.str_('Proline - P'), np.str_('Valine - V'), np.str_('Isoleucine - I'), np.str_('Asparagine - N'), np.str_('Aspartic Acid - D'), np.str_('Threonine - T'), 'Charged', 'Uncharged', np.str_('Hydrophobic'), np.str_('Drug Score'), np.str_('Aromatic')]"
169,0.8260869565217391,"[np.str_('Glycine - G'), np.str_('Alanine - A'), np.str_('Phenylalanine - F'), np.str_('Tryptophan - W'), np.str_('Lysine - K'), np.str_('Glutamine - Q'), np.str_('Glutamic Acid - E'), np.str_('Serine - S'), np.str_('Valine - V'), np.str_('Isoleucine - I'), np.str_('Cysteine - C'), np.str_('Histidine - H'), np.str_('Asparagine - N'), np.str_('Aspartic Acid - D'), np.str_('Threonine - T'), 'Charged', 'Uncharged', np.str_('Hydrophobic'), np.str_('Drug Score'), np.str_('Small'), np.str_('Amino Acid based volume Score')]"
170,0.8260869565217391,"[np.str_('Leucine - L'), np.str_('Methionine - M'), np.str_('Tryptophan - W'), np.str_('Glutamine - Q'), np.str_('Proline - P'), np.str_('Valine - V'), np.str_('Cysteine - C'), np.str_('Tyrosine - Y'), np.str_('Asparagine - N'), np.str_('Aspartic Acid - D'), 'Charged', 'Uncharged', np.str_('Hydrophobic'), np.str_('Drug Score'), 'Number of alpha spheres', 'Mean alpha-sphere radius', np.str_('Amino Acid based volume Score'), np.str_('Number of residues')]"
171,0.7681159420289855,"[np.str_('Glycine - G'), np.str_('Alanine - A'), np.str_('Glutamine - Q'), np.str_('Proline - P'), np.str_('Valine - V'), np.str_('Isoleucine - I'), np.str_('Arginine - R'), np.str_('Asparagine - N'), np.str_('Threonine - T'), 'Charged', 'Uncharged', np.str_('Hydrophobic'), 'Number of alpha spheres', 'Mean alpha-sphere radius', np.str_('Amino Acid based volume Score'), np.str_('Aromatic')]"
172,0.855072463768116,"[np.str_('Valine - V'), np.str_('Cysteine - C'), np.str_('Tyrosine - Y'), np.str_('Arginine - R'), np.str_('Asparagine - N'), 'Positive charge', 'Negative charge', np.str_('Proportion of apolar alpha sphere'), 'Number of alpha spheres', 'Mean alpha-sphere radius', np.str_('Amino Acid based volume Score'), np.str_('Aromatic'), np.str_('Number of residues')]"
173,0.7971014492753623,"[np.str_('Glycine - G'), np.str_('Methionine - M'), np.str_('Phenylalanine - F'), np.str_('Serine - S'), np.str_('Proline - P'), np.str_('Valine - V'), np.str_('Isoleucine - I'), np.str_('Cysteine - C'), np.str_('Tyrosine - Y'), np.str_('Arginine - R'), np.str_('Aspartic Acid - D'), np.str_('Threonine - T'), 'Positive charge', 'Negative charge', np.str_('Number of apolar alpha sphere'), np.str_('Drug Score'), np.str_('Pocket volume (Monte Carlo)'), np.str_('Amino Acid based volume Score')]"
174,0.7681159420289855,"[np.str_('Glycine - G'), np.str_('Alanine - A'), np.str_('Lysine - K'), np.str_('Glutamine - Q'), np.str_('Serine - S'), np.str_('Proline - P'), np.str_('Histidine - H'), np.str_('Arginine - R'), np.str_('Asparagine - N'), np.str_('Threonine - T'), 'Charged', 'Uncharged', np.str_('Local hydrophobic density Score'), np.str_('Pocket volume (Monte Carlo)'), np.str_('Amino Acid based volume Score')]"
175,0.7971014492753623,"[np.str_('Methionine - M'), np.str_('Phenylalanine - F'), np.str_('Lysine - K'), np.str_('Glutamine - Q'), np.str_('Valine - V'), np.str_('Tyrosine - Y'), np.str_('Threonine - T'), 'Positive charge', 'Negative charge', np.str_('Hydrophobic'), np.str_('Pocket volume (Monte Carlo)'), np.str_('Aromatic')]"
176,0.8115942028985508,"[np.str_('Methionine - M'), np.str_('Lysine - K'), np.str_('Glutamine - Q'), np.str_('Glutamic Acid - E'), np.str_('Serine - S'), np.str_('Isoleucine - I'), np.str_('Cysteine - C'), np.str_('Asparagine - N'), np.str_('Aspartic Acid - D'), np.str_('Threonine - T'), 'Positive charge', 'Negative charge', np.str_('Local hydrophobic density Score'), np.str_('Drug Score'), 'Number of alpha spheres', 'Mean alpha-sphere radius', np.str_('Amino Acid based volume Score'), np.str_('Aromatic')]"
177,0.782608695652174,"[np.str_('Alanine - A'), np.str_('Methionine - M'), np.str_('Tryptophan - W'), np.str_('Lysine - K'), np.str_('Glutamine - Q'), np.str_('Glutamic Acid - E'), np.str_('Proline - P'), np.str_('Cysteine - C'), np.str_('Tyrosine - Y'), np.str_('Histidine - H'), np.str_('Asparagine - N'), 'Charged', 'Uncharged', np.str_('Local hydrophobic density Score'), np.str_('Drug Score'), 'Number of alpha spheres', 'Mean alpha-sphere radius', np.str_('Number of residues')]"
178,0.8115942028985508,"[np.str_('Phenylalanine - F'), np.str_('Lysine - K'), np.str_('Glutamic Acid - E'), np.str_('Proline - P'), np.str_('Valine - V'), np.str_('Isoleucine - I'), np.str_('Cysteine - C'), np.str_('Arginine - R'), 'Positive charge', 'Negative charge', np.str_('Proportion of apolar alpha sphere'), np.str_('Drug Score'), np.str_('Amino Acid based volume Score')]"
179,0.8260869565217391,"[np.str_('Glycine - G'), np.str_('Leucine - L'), np.str_('Lysine - K'), np.str_('Glutamine - Q'), np.str_('Glutamic Acid - E'), np.str_('Valine - V'), np.str_('Isoleucine - I'), np.str_('Tyrosine - Y'), np.str_('Asparagine - N'), np.str_('Aspartic Acid - D'), np.str_('Number of apolar alpha sphere'), np.str_('Drug Score'), 'Number of alpha spheres', 'Mean alpha-sphere radius', np.str_('Aromatic'), np.str_('Number of residues')]"
180,0.7971014492753623,"[np.str_('Glycine - G'), np.str_('Alanine - A'), np.str_('Leucine - L'), np.str_('Methionine - M'), np.str_('Phenylalanine - F'), np.str_('Tryptophan - W'), np.str_('Serine - S'), np.str_('Proline - P'), np.str_('Valine - V'), np.str_('Isoleucine - I'), np.str_('Cysteine - C'), np.str_('Histidine - H'), np.str_('Threonine - T'), 'Positive charge', 'Negative charge', np.str_('Local hydrophobic density Score'), np.str_('Drug Score'), 'Number of alpha spheres', 'Mean alpha-sphere radius', np.str_('Amino Acid based volume Score')]"
181,0.8695652173913043,"[np.str_('Leucine - L'), np.str_('Tryptophan - W'), np.str_('Glutamine - Q'), np.str_('Glutamic Acid - E'), np.str_('Tyrosine - Y'), np.str_('Arginine - R'), np.str_('Aspartic Acid - D'), 'Charged', 'Uncharged', np.str_('Local hydrophobic density Score'), 'Number of alpha spheres', 'Mean alpha-sphere radius', np.str_('Aromatic'), np.str_('Number of residues')]"
182,0.7681159420289855,"[np.str_('Glycine - G'), np.str_('Methionine - M'), np.str_('Phenylalanine - F'), np.str_('Tryptophan - W'), np.str_('Lysine - K'), np.str_('Glutamine - Q'), np.str_('Proline - P'), np.str_('Valine - V'), np.str_('Tyrosine - Y'), np.str_('Threonine - T'), 'Charged', 'Uncharged', np.str_('Local hydrophobic density Score'), np.str_('Drug Score'), 'Number of alpha spheres', 'Mean alpha-sphere radius', np.str_('Aromatic')]"
183,0.7681159420289855,"[np.str_('Glycine - G'), np.str_('Serine - S'), np.str_('Proline - P'), np.str_('Cysteine - C'), np.str_('Asparagine - N'), 'Charged', 'Uncharged', np.str_('Hydrophobic'), np.str_('Pocket volume (Monte Carlo)'), np.str_('Aromatic'), np.str_('Number of residues')]"
184,0.8115942028985508,"[np.str_('Glycine - G'), np.str_('Alanine - A'), np.str_('Leucine - L'), np.str_('Methionine - M'), np.str_('Glutamine - Q'), np.str_('Glutamic Acid - E'), np.str_('Tyrosine - Y'), np.str_('Histidine - H'), np.str_('Aspartic Acid - D'), np.str_('Local hydrophobic density Score'), np.str_('Pocket volume (Monte Carlo)')]"
185,0.7246376811594203,"[np.str_('Alanine - A'), np.str_('Methionine - M'), np.str_('Phenylalanine - F'), np.str_('Tryptophan - W'), np.str_('Lysine - K'), np.str_('Glutamine - Q'), np.str_('Glutamic Acid - E'), np.str_('Proline - P'), np.str_('Isoleucine - I'), np.str_('Cysteine - C'), np.str_('Tyrosine - Y'), np.str_('Asparagine - N'), np.str_('Aspartic Acid - D'), np.str_('Threonine - T'), np.str_('Pos-neg charge ratio'), np.str_('Local hydrophobic density Score'), np.str_('Drug Score'), np.str_('Pocket volume (Monte Carlo)'), np.str_('Aromatic'), np.str_('Number of residues')]"
186,0.8260869565217391,"[np.str_('Glycine - G'), np.str_('Alanine - A'), np.str_('Phenylalanine - F'), np.str_('Tryptophan - W'), np.str_('Lysine - K'), np.str_('Glutamine - Q'), np.str_('Serine - S'), np.str_('Cysteine - C'), np.str_('Tyrosine - Y'), np.str_('Histidine - H'), np.str_('Arginine - R'), np.str_('Threonine - T'), 'Charged', 'Uncharged', np.str_('Number of apolar alpha sphere'), 'Number of alpha spheres', 'Mean alpha-sphere radius', np.str_('Amino Acid based volume Score'), np.str_('Aromatic')]"
187,0.7971014492753623,"[np.str_('Alanine - A'), np.str_('Leucine - L'), np.str_('Methionine - M'), np.str_('Phenylalanine - F'), np.str_('Lysine - K'), np.str_('Glutamine - Q'), 'Charged', 'Uncharged', 'Polar', 'Non-polar', np.str_('Small'), np.str_('Aromatic')]"
188,0.8405797101449275,"[np.str_('Glycine - G'), np.str_('Alanine - A'), np.str_('Leucine - L'), np.str_('Phenylalanine - F'), np.str_('Tryptophan - W'), np.str_('Glutamine - Q'), np.str_('Serine - S'), np.str_('Proline - P'), np.str_('Isoleucine - I'), np.str_('Cysteine - C'), np.str_('Arginine - R'), np.str_('Aspartic Acid - D'), 'Charged', 'Uncharged', np.str_('Local hydrophobic density Score'), np.str_('Drug Score'), np.str_('Small'), np.str_('Amino Acid based volume Score')]"
189,0.782608695652174,"[np.str_('Leucine - L'), np.str_('Methionine - M'), np.str_('Phenylalanine - F'), np.str_('Serine - S'), np.str_('Tyrosine - Y'), np.str_('Histidine - H'), np.str_('Arginine - R'), np.str_('Asparagine - N'), np.str_('Aspartic Acid - D'), np.str_('Pos-neg charge ratio'), np.str_('Local hydrophobic density Score'), 'Number of alpha spheres', 'Mean alpha-sphere radius']"
190,0.8840579710144928,"[np.str_('Glycine - G'), np.str_('Leucine - L'), np.str_('Tryptophan - W'), np.str_('Glutamic Acid - E'), np.str_('Serine - S'), np.str_('Valine - V'), np.str_('Isoleucine - I'), np.str_('Cysteine - C'), np.str_('Tyrosine - Y'), np.str_('Arginine - R'), np.str_('Aspartic Acid - D'), 'Charged', 'Uncharged', np.str_('Hydrophobicity Score'), np.str_('Drug Score'), np.str_('Number of residues')]"
191,0.782608695652174,"[np.str_('Alanine - A'), np.str_('Tryptophan - W'), np.str_('Lysine - K'), np.str_('Glutamine - Q'), np.str_('Glutamic Acid - E'), np.str_('Serine - S'), np.str_('Proline - P'), np.str_('Valine - V'), np.str_('Isoleucine - I'), np.str_('Cysteine - C'), np.str_('Histidine - H'), np.str_('Asparagine - N'), np.str_('Aspartic Acid - D'), np.str_('Local hydrophobic density Score'), np.str_('Drug Score'), np.str_('Amino Acid based volume Score'), np.str_('Aromatic'), np.str_('Number of residues')]"
192,0.8115942028985508,"[np.str_('Glycine - G'), np.str_('Leucine - L'), np.str_('Lysine - K'), np.str_('Glutamine - Q'), np.str_('Serine - S'), np.str_('Valine - V'), np.str_('Cysteine - C'), np.str_('Histidine - H'), np.str_('Threonine - T'), np.str_('Proportion of apolar alpha sphere'), 'Number of alpha spheres', 'Mean alpha-sphere radius']"
193,0.855072463768116,"[np.str_('Glycine - G'), np.str_('Tryptophan - W'), np.str_('Histidine - H'), np.str_('Asparagine - N'), np.str_('Aspartic Acid - D'), np.str_('Threonine - T'), np.str_('Pos-neg charge ratio'), np.str_('Number of apolar alpha sphere'), np.str_('Drug Score'), 'Number of alpha spheres', 'Mean alpha-sphere radius', np.str_('Amino Acid based volume Score'), np.str_('Aromatic'), np.str_('Number of residues')]"
194,0.8695652173913043,"[np.str_('Alanine - A'), np.str_('Methionine - M'), np.str_('Glutamine - Q'), np.str_('Glutamic Acid - E'), np.str_('Serine - S'), np.str_('Tyrosine - Y'), np.str_('Arginine - R'), np.str_('Asparagine - N'), np.str_('Aspartic Acid - D'), np.str_('Threonine - T'), 'Polar', 'Non-polar', 'Number of alpha spheres', 'Mean alpha-sphere radius', np.str_('Amino Acid based volume Score')]"
195,0.8405797101449275,"[np.str_('Alanine - A'), np.str_('Methionine - M'), np.str_('Tryptophan - W'), np.str_('Lysine - K'), np.str_('Valine - V'), np.str_('Histidine - H'), np.str_('Arginine - R'), np.str_('Asparagine - N'), np.str_('Aspartic Acid - D'), 'Charged', 'Uncharged', np.str_('Mean alpha-sphere Solvent Acc.'), np.str_('Drug Score'), np.str_('Amino Acid based volume Score'), np.str_('Aromatic'), np.str_('Number of residues')]"
196,0.8115942028985508,"[np.str_('Glycine - G'), np.str_('Alanine - A'), np.str_('Methionine - M'), np.str_('Proline - P'), np.str_('Cysteine - C'), np.str_('Tyrosine - Y'), np.str_('Arginine - R'), np.str_('Asparagine - N'), np.str_('Aspartic Acid - D'), np.str_('Number of apolar alpha sphere'), np.str_('Drug Score')]"
197,0.8840579710144928,"[np.str_('Glycine - G'), np.str_('Leucine - L'), np.str_('Methionine - M'), np.str_('Phenylalanine - F'), np.str_('Lysine - K'), np.str_('Glutamic Acid - E'), np.str_('Valine - V'), np.str_('Isoleucine - I'), np.str_('Cysteine - C'), np.str_('Aspartic Acid - D'), np.str_('Threonine - T'), 'Charged', 'Uncharged', 'Polar', 'Non-polar', np.str_('Drug Score'), np.str_('Aromatic'), np.str_('Number of residues')]"
198,0.8115942028985508,"[np.str_('Alanine - A'), np.str_('Phenylalanine - F'), np.str_('Lysine - K'), np.str_('Glutamine - Q'), np.str_('Glutamic Acid - E'), np.str_('Proline - P'), np.str_('Valine - V'), np.str_('Isoleucine - I'), np.str_('Asparagine - N'), np.str_('Aspartic Acid - D'), 'Charged', 'Uncharged', np.str_('Proportion of apolar alpha sphere'), np.str_('Drug Score'), 'Number of alpha spheres', 'Mean alpha-sphere radius', np.str_('Amino Acid based volume Score'), np.str_('Aromatic'), np.str_('Number of residues')]"
199,0.782608695652174,"[np.str_('Glycine - G'), np.str_('Leucine - L'), np.str_('Phenylalanine - F'), np.str_('Tryptophan - W'), np.str_('Glutamine - Q'), np.str_('Serine - S'), np.str_('Isoleucine - I'), np.str_('Tyrosine - Y'), np.str_('Histidine - H'), np.str_('Asparagine - N'), np.str_('Aspartic Acid - D'), np.str_('Threonine - T'), np.str_('Hydrophobic'), np.str_('Drug Score'), 'Number of alpha spheres', 'Mean alpha-sphere radius', np.str_('Number of residues')]"
200,0.8405797101449275,"[np.str_('Glycine - G'), np.str_('Alanine - A'), np.str_('Phenylalanine - F'), np.str_('Glutamine - Q'), np.str_('Serine - S'), np.str_('Valine - V'), np.str_('Isoleucine - I'), np.str_('Cysteine - C'), np.str_('Asparagine - N'), np.str_('Aspartic Acid - D'), np.str_('Threonine - T'), 'Number of alpha spheres', 'Mean alpha-sphere radius', np.str_('Amino Acid based volume Score')]"
201,0.8405797101449275,"[np.str_('Leucine - L'), np.str_('Phenylalanine - F'), np.str_('Lysine - K'), np.str_('Glutamine - Q'), np.str_('Glutamic Acid - E'), np.str_('Proline - P'), np.str_('Tyrosine - Y'), np.str_('Arginine - R'), np.str_('Asparagine - N'), np.str_('Aspartic Acid - D'), np.str_('Mean alpha-sphere Solvent Acc.'), np.str_('Drug Score'), np.str_('Amino Acid based volume Score'), np.str_('Number of residues')]"
202,0.8115942028985508,"[np.str_('Glycine - G'), np.str_('Alanine - A'), np.str_('Leucine - L'), np.str_('Lysine - K'), np.str_('Glutamine - Q'), np.str_('Glutamic Acid - E'), np.str_('Proline - P'), np.str_('Isoleucine - I'), np.str_('Histidine - H'), np.str_('Aspartic Acid - D'), np.str_('Amino Acid based volume Score'), np.str_('Aromatic')]"
203,0.8260869565217391,"[np.str_('Glycine - G'), np.str_('Leucine - L'), np.str_('Methionine - M'), np.str_('Phenylalanine - F'), np.str_('Lysine - K'), np.str_('Glutamine - Q'), np.str_('Glutamic Acid - E'), np.str_('Proline - P'), np.str_('Valine - V'), np.str_('Cysteine - C'), np.str_('Histidine - H'), np.str_('Asparagine - N'), np.str_('Aspartic Acid - D'), 'Charged', 'Uncharged', np.str_('Number of apolar alpha sphere'), np.str_('Drug Score'), 'Number of alpha spheres', 'Mean alpha-sphere radius', np.str_('Aromatic')]"
204,0.8260869565217391,"[np.str_('Glycine - G'), np.str_('Alanine - A'), np.str_('Leucine - L'), np.str_('Methionine - M'), np.str_('Phenylalanine - F'), np.str_('Tryptophan - W'), np.str_('Serine - S'), np.str_('Valine - V'), np.str_('Cysteine - C'), np.str_('Asparagine - N'), np.str_('Aspartic Acid - D'), np.str_('Proportion of apolar alpha sphere'), np.str_('Small'), np.str_('Amino Acid based volume Score'), np.str_('Aromatic'), np.str_('Number of residues')]"
205,0.7971014492753623,"[np.str_('Glycine - G'), np.str_('Methionine - M'), np.str_('Lysine - K'), np.str_('Proline - P'), np.str_('Cysteine - C'), np.str_('Tyrosine - Y'), np.str_('Proportion of apolar alpha sphere'), np.str_('Drug Score'), 'Number of alpha spheres', 'Mean alpha-sphere radius', np.str_('Number of residues')]"
206,0.782608695652174,"[np.str_('Glycine - G'), np.str_('Leucine - L'), np.str_('Methionine - M'), np.str_('Glutamine - Q'), np.str_('Valine - V'), np.str_('Cysteine - C'), np.str_('Histidine - H'), np.str_('Arginine - R'), np.str_('Threonine - T'), 'Positive charge', 'Negative charge', np.str_('Drug Score'), 'Number of alpha spheres', 'Mean alpha-sphere radius', np.str_('Amino Acid based volume Score'), np.str_('Aromatic')]"
207,0.8115942028985508,"[np.str_('Alanine - A'), np.str_('Leucine - L'), np.str_('Methionine - M'), np.str_('Phenylalanine - F'), np.str_('Tryptophan - W'), np.str_('Glutamine - Q'), np.str_('Serine - S'), np.str_('Proline - P'), np.str_('Cysteine - C'), np.str_('Asparagine - N'), np.str_('Aspartic Acid - D'), np.str_('Pos-neg charge ratio'), np.str_('Number of apolar alpha sphere'), np.str_('Drug Score'), 'Number of alpha spheres', 'Mean alpha-sphere radius', np.str_('Amino Acid based volume Score'), np.str_('Number of residues')]"
208,0.8405797101449275,"[np.str_('Glycine - G'), np.str_('Alanine - A'), np.str_('Leucine - L'), np.str_('Phenylalanine - F'), np.str_('Tryptophan - W'), np.str_('Lysine - K'), np.str_('Glutamine - Q'), np.str_('Glutamic Acid - E'), np.str_('Proline - P'), np.str_('Valine - V'), np.str_('Cysteine - C'), np.str_('Arginine - R'), np.str_('Asparagine - N'), np.str_('Number of residues')]"
209,0.7101449275362319,"[np.str_('Alanine - A'), np.str_('Leucine - L'), np.str_('Phenylalanine - F'), np.str_('Valine - V'), np.str_('Cysteine - C'), np.str_('Arginine - R'), np.str_('Asparagine - N'), np.str_('Local hydrophobic density Score'), 'Number of alpha spheres', 'Mean alpha-sphere radius', np.str_('Amino Acid based volume Score'), np.str_('Number of residues')]"
210,0.855072463768116,"[np.str_('Glycine - G'), np.str_('Methionine - M'), np.str_('Tryptophan - W'), np.str_('Lysine - K'), np.str_('Proline - P'), np.str_('Histidine - H'), np.str_('Asparagine - N'), np.str_('Pos-neg charge ratio'), 'Polar', 'Non-polar', 'Number of alpha spheres', 'Mean alpha-sphere radius', np.str_('Amino Acid based volume Score'), np.str_('Aromatic')]"
211,0.782608695652174,"[np.str_('Glycine - G'), np.str_('Tryptophan - W'), np.str_('Lysine - K'), np.str_('Glutamine - Q'), np.str_('Valine - V'), np.str_('Isoleucine - I'), np.str_('Cysteine - C'), np.str_('Arginine - R'), np.str_('Asparagine - N'), np.str_('Threonine - T'), np.str_('Pos-neg charge ratio'), 'Polar', 'Non-polar', np.str_('Drug Score'), np.str_('Small'), np.str_('Amino Acid based volume Score')]"
212,0.855072463768116,"[np.str_('Alanine - A'), np.str_('Phenylalanine - F'), np.str_('Tryptophan - W'), np.str_('Lysine - K'), np.str_('Glutamic Acid - E'), np.str_('Serine - S'), np.str_('Proline - P'), np.str_('Cysteine - C'), np.str_('Tyrosine - Y'), np.str_('Histidine - H'), np.str_('Arginine - R'), np.str_('Asparagine - N'), 'Polar', 'Non-polar', np.str_('Drug Score'), 'Number of alpha spheres', 'Mean alpha-sphere radius', np.str_('Amino Acid based volume Score')]"
213,0.8115942028985508,"[np.str_('Alanine - A'), np.str_('Phenylalanine - F'), np.str_('Glutamine - Q'), np.str_('Glutamic Acid - E'), np.str_('Serine - S'), np.str_('Proline - P'), np.str_('Isoleucine - I'), np.str_('Cysteine - C'), np.str_('Tyrosine - Y'), np.str_('Arginine - R'), np.str_('Asparagine - N'), np.str_('Threonine - T'), np.str_('Pos-neg charge ratio'), np.str_('Drug Score'), np.str_('Amino Acid based volume Score'), np.str_('Aromatic')]"
214,0.8260869565217391,"[np.str_('Methionine - M'), np.str_('Lysine - K'), np.str_('Glutamine - Q'), np.str_('Glutamic Acid - E'), np.str_('Proline - P'), np.str_('Valine - V'), np.str_('Aspartic Acid - D'), np.str_('Pos-neg charge ratio'), 'Polar', 'Non-polar', np.str_('Drug Score'), 'Number of alpha spheres', 'Mean alpha-sphere radius']"
215,0.8985507246376812,"[np.str_('Leucine - L'), np.str_('Methionine - M'), np.str_('Phenylalanine - F'), np.str_('Tryptophan - W'), np.str_('Lysine - K'), np.str_('Glutamic Acid - E'), np.str_('Proline - P'), np.str_('Isoleucine - I'), np.str_('Cysteine - C'), np.str_('Histidine - H'), np.str_('Arginine - R'), np.str_('Asparagine - N'), np.str_('Aspartic Acid - D'), np.str_('Threonine - T'), 'Polar', 'Non-polar', np.str_('Drug Score'), np.str_('Pocket volume (convex hull)'), np.str_('Number of residues')]"
216,0.8115942028985508,"[np.str_('Leucine - L'), np.str_('Phenylalanine - F'), np.str_('Lysine - K'), np.str_('Histidine - H'), np.str_('Aspartic Acid - D'), np.str_('Threonine - T'), np.str_('Charge Score'), 'Polar', 'Non-polar', np.str_('Drug Score'), 'Number of alpha spheres', 'Mean alpha-sphere radius', np.str_('Amino Acid based volume Score'), np.str_('Number of residues')]"
217,0.7681159420289855,"[np.str_('Alanine - A'), np.str_('Leucine - L'), np.str_('Methionine - M'), np.str_('Phenylalanine - F'), np.str_('Tryptophan - W'), np.str_('Glutamine - Q'), np.str_('Glutamic Acid - E'), np.str_('Histidine - H'), np.str_('Asparagine - N'), np.str_('Aspartic Acid - D'), np.str_('Threonine - T'), np.str_('Local hydrophobic density Score'), np.str_('Drug Score'), np.str_('Amino Acid based volume Score'), np.str_('Aromatic'), np.str_('Number of residues')]"
218,0.8695652173913043,"[np.str_('Glycine - G'), np.str_('Alanine - A'), np.str_('Leucine - L'), np.str_('Phenylalanine - F'), np.str_('Tryptophan - W'), np.str_('Glutamic Acid - E'), np.str_('Isoleucine - I'), np.str_('Cysteine - C'), np.str_('Tyrosine - Y'), np.str_('Histidine - H'), np.str_('Aspartic Acid - D'), np.str_('Threonine - T'), np.str_('Pos-neg charge ratio'), np.str_('Drug Score'), 'Number of alpha spheres', 'Mean alpha-sphere radius', np.str_('Number of residues')]"
219,0.8115942028985508,"[np.str_('Glycine - G'), np.str_('Leucine - L'), np.str_('Serine - S'), np.str_('Proline - P'), np.str_('Isoleucine - I'), np.str_('Cysteine - C'), np.str_('Arginine - R'), np.str_('Asparagine - N'), np.str_('Aspartic Acid - D'), np.str_('Threonine - T'), 'Polar', 'Non-polar', np.str_('Drug Score'), 'Number of alpha spheres', 'Mean alpha-sphere radius']"
220,0.8840579710144928,"[np.str_('Glycine - G'), np.str_('Alanine - A'), np.str_('Leucine - L'), np.str_('Phenylalanine - F'), np.str_('Tryptophan - W'), np.str_('Lysine - K'), np.str_('Serine - S'), np.str_('Tyrosine - Y'), np.str_('Histidine - H'), np.str_('Asparagine - N'), np.str_('Aspartic Acid - D'), np.str_('Threonine - T'), np.str_('Pos-neg charge ratio'), 'Polar', 'Non-polar', np.str_('Drug Score'), np.str_('Aromatic')]"
221,0.8405797101449275,"[np.str_('Leucine - L'), np.str_('Methionine - M'), np.str_('Phenylalanine - F'), np.str_('Lysine - K'), np.str_('Isoleucine - I'), np.str_('Arginine - R'), np.str_('Aspartic Acid - D'), np.str_('Threonine - T'), np.str_('Pos-neg charge ratio'), 'Polar', 'Non-polar', np.str_('Drug Score'), np.str_('Amino Acid based volume Score'), np.str_('Aromatic'), np.str_('Number of residues')]"
222,0.8260869565217391,"[np.str_('Alanine - A'), np.str_('Leucine - L'), np.str_('Methionine - M'), np.str_('Tryptophan - W'), np.str_('Glutamine - Q'), np.str_('Glutamic Acid - E'), np.str_('Valine - V'), np.str_('Isoleucine - I'), np.str_('Cysteine - C'), np.str_('Tyrosine - Y'), np.str_('Asparagine - N'), np.str_('Pos-neg charge ratio'), np.str_('Hydrophobic'), 'Number of alpha spheres', 'Mean alpha-sphere radius', np.str_('Aromatic'), np.str_('Number of residues')]"
223,0.8115942028985508,"[np.str_('Alanine - A'), np.str_('Tryptophan - W'), np.str_('Glutamic Acid - E'), np.str_('Valine - V'), np.str_('Cysteine - C'), np.str_('Histidine - H'), np.str_('Aspartic Acid - D'), np.str_('Threonine - T'), np.str_('Charge Score'), np.str_('Proportion of apolar alpha sphere'), np.str_('Drug Score'), 'Number of alpha spheres', 'Mean alpha-sphere radius', np.str_('Amino Acid based volume Score'), np.str_('Aromatic'), np.str_('Number of residues')]"
224,0.8695652173913043,"[np.str_('Glycine - G'), np.str_('Alanine - A'), np.str_('Tryptophan - W'), np.str_('Lysine - K'), np.str_('Glutamic Acid - E'), np.str_('Proline - P'), np.str_('Isoleucine - I'), np.str_('Histidine - H'), np.str_('Asparagine - N'), np.str_('Aspartic Acid - D'), np.str_('Threonine - T'), 'Polar', 'Non-polar', np.str_('Drug Score'), np.str_('Pocket volume (Monte Carlo)'), np.str_('Aromatic'), np.str_('Number of residues')]"
225,0.8115942028985508,"[np.str_('Glycine - G'), np.str_('Leucine - L'), np.str_('Methionine - M'), np.str_('Lysine - K'), np.str_('Glutamine - Q'), np.str_('Glutamic Acid - E'), np.str_('Serine - S'), np.str_('Valine - V'), np.str_('Isoleucine - I'), np.str_('Cysteine - C'), np.str_('Asparagine - N'), np.str_('Threonine - T'), np.str_('Pos-neg charge ratio'), np.str_('Mean alpha-sphere Solvent Acc.'), np.str_('Pocket volume (convex hull)'), np.str_('Amino Acid based volume Score'), np.str_('Aromatic'), np.str_('Number of residues')]"
226,0.8985507246376812,"[np.str_('Leucine - L'), np.str_('Methionine - M'), np.str_('Tryptophan - W'), np.str_('Glutamic Acid - E'), np.str_('Cysteine - C'), np.str_('Tyrosine - Y'), np.str_('Histidine - H'), np.str_('Asparagine - N'), np.str_('Aspartic Acid - D'), np.str_('Threonine - T'), np.str_('Pos-neg charge ratio'), 'Polar', 'Non-polar', 'Number of alpha spheres', 'Mean alpha-sphere radius', np.str_('Number of residues')]"
227,0.8405797101449275,"[np.str_('Alanine - A'), np.str_('Leucine - L'), np.str_('Tryptophan - W'), np.str_('Lysine - K'), np.str_('Glutamic Acid - E'), np.str_('Proline - P'), np.str_('Valine - V'), np.str_('Isoleucine - I'), np.str_('Cysteine - C'), np.str_('Arginine - R'), np.str_('Asparagine - N'), np.str_('Threonine - T'), np.str_('Pos-neg charge ratio'), np.str_('Drug Score'), 'Number of alpha spheres', 'Mean alpha-sphere radius', np.str_('Amino Acid based volume Score')]"
228,0.855072463768116,"[np.str_('Glycine - G'), np.str_('Alanine - A'), np.str_('Leucine - L'), np.str_('Lysine - K'), np.str_('Glutamic Acid - E'), np.str_('Proline - P'), np.str_('Cysteine - C'), np.str_('Tyrosine - Y'), np.str_('Arginine - R'), np.str_('Aspartic Acid - D'), np.str_('Threonine - T'), 'Positive charge', 'Negative charge', 'Number of alpha spheres', 'Mean alpha-sphere radius', np.str_('Aromatic')]"
229,0.7971014492753623,"[np.str_('Glycine - G'), np.str_('Leucine - L'), np.str_('Phenylalanine - F'), np.str_('Glutamic Acid - E'), np.str_('Valine - V'), np.str_('Tyrosine - Y'), np.str_('Histidine - H'), np.str_('Arginine - R'), np.str_('Aspartic Acid - D'), np.str_('Proportion of apolar alpha sphere'), np.str_('Drug Score'), np.str_('Pocket volume (Monte Carlo)'), np.str_('Amino Acid based volume Score')]"
230,0.8695652173913043,"[np.str_('Leucine - L'), np.str_('Lysine - K'), np.str_('Proline - P'), np.str_('Tyrosine - Y'), np.str_('Histidine - H'), 'Polar', 'Non-polar', np.str_('Drug Score'), 'Number of alpha spheres', 'Mean alpha-sphere radius', np.str_('Aromatic'), np.str_('Number of residues')]"
231,0.7536231884057971,"[np.str_('Lysine - K'), np.str_('Tyrosine - Y'), np.str_('Arginine - R'), np.str_('Threonine - T'), np.str_('Number of apolar alpha sphere'), 'Number of alpha spheres', 'Mean alpha-sphere radius', np.str_('Amino Acid based volume Score'), np.str_('Aromatic')]"
232,0.8260869565217391,"[np.str_('Methionine - M'), np.str_('Phenylalanine - F'), np.str_('Proline - P'), np.str_('Cysteine - C'), np.str_('Histidine - H'), np.str_('Arginine - R'), np.str_('Aspartic Acid - D'), np.str_('Threonine - T'), 'Number of alpha spheres', 'Mean alpha-sphere radius', np.str_('Amino Acid based volume Score'), np.str_('Aromatic')]"
