Protein ID,Category,Sequence,Species,Paper Title
P0CV94,Linear,MNVETKHTRTMGDIFVQHSQKLELLKTVLRNVAELDALEGLNMIDAVQRLGIDYNFQREIDEILHKQMSIVSARDDLHEVALRFRLLRQHGYFVPEDVFNNFKDSKGTFKQVLGEDIKGLMSLYEASQLGTEGEDILVEAEKFSGHLLKTSLSHLDHHRVRIVANTLRNPHHKSLAPFMARNFFVTSQATNSWLNLLKEVAKTDFNMVRSLHQNEIVQMSKWWKELGLAKELKFARDQPLKWYIWSMACLTDPKLSEERVELTKPISFVYLIDDIFDVYGTLDDLILFTEAVNRWEITAIDHLPDYMKICFKALYDMTNEFSSKVYLKHGWNPLQSLKISWASLCNAFLVEAKWFASGKLPKSEEYLKNGIVSSGVNVVLVHMFFLLGQNITRKSVELLNETPAIISSSAAILRLWDDLGSAKDENQDGNDGSYVRCYLEEHEGCSIEEAREKTINMISDEWKKLNRELLSPNPFPASFTLASLNLARMIPLMYSYDGNQCLPSLKEYMKLMLYETVSM,Fragaria ananassa,"Gain and Loss of Fruit Flavor Compounds Produced by Wild and Cultivated Strawberry Species(Aharoni et al., 2004)"
P0CV95,Linear,MASSSRAFFKVFNPAPKSIPRIGQSNLMQLTHKKQLPTFQRRGIAEDSLLPSSTTPIKPMNVETKHTRTMGDIFVQHCQKLELFRNVLRNVAELDALEGLNMIDAVQRLGIDFHFQREIDEILHKQMSNVSASDDLHEVALRFRLLRQHGYFVPEDVFNNFKDSKGTFKQVLGEDIKGLMSLYEASQLGTEGEDTLVEAEKFSGHLLKTSLSHLDHHHARIVGNTLRNPHHKSLASFMARNFFVTTQATNSWLNLLKDVAKTDFNMVRSLHQNEIVQISKWWKELGLAKELKFARDQPQKWYIWSMACLTDPKLSEERVELTKPISFVYLIDDIFDVYGTLDDLILFTEAVNRWEITAIDHLPDYMKICFKALYDMTNEISCKVYQKHGWNPLQSLKISWASLCNAFLVEAKWFASGQLPKSKEYLKNGIVSSGVNVVLVHMFFILGQNITTKSVELLNETPAMISSSAAILRLWDDLGSAKDENQDGNDGSYVRCYLEEHEGCSIEEAREKTINMISDEWKKLNRELLSPNPFPATITLASLNLARMIPLMYSYDGNQCLPSLKEYMKLMLYETVSM,Fragaria ananassa,"Gain and Loss of Fruit Flavor Compounds Produced by Wild and Cultivated Strawberry Species(Aharoni et al., 2004)"
Q9M7C9,Monocyclic,MALLSIVSLQVPKSCGLKSLISSSNVQKALCISTAVPTLRMRRRQKALVINMKLTTVSHRDDNGGGVLQRRIADHHPNLWEDDFIQSLSSPYGGSSYSERAVTVVEEVKEMFNSIPNNRELFGSQNDLLTRLWMVDSIERLGIDRHFQNEIRVALDYVYSYWKEKEGIGCGRDSTFPDLNSTALALRTLRLHGYNVSSDVLEYFKDQKGHFACPAILTEGQITRSVLNLYRASLVAFPGEKVMEEAEIFSASYLKEVLQKIPVSSFSREIEYVLEYGWHTNLPRLEARNYIDVYGQDSYESSNEMPYVNTQKLLKLAKLEFNIFHSLQQKELQYISRWWKDSCSSHLTFTRHRHVEYYTMASCISMEPKHSAFRLGFVKTCHLLTVLDDMYDTFGTLDELQLFTTAFKRWDLSETKCLPEYMKAVYMDLYQCLNELAQEAEKTQGRDTLNYIRNAYESHFDSFMHEAKWISSGYLPTFEEYLKNGKVSSGSRTATLQPILTLDVPLPNYILQEIDYPSRFNDLASSLLRLRGDTRCYKADRARGEEASAISCYMKDHPGSTEEDALNHINVMISDAIRELNWELLRPDSKSPISSKKHAFDITRAFHHLYKYRDGYTVASSETKNLVMKTVLEPVAL,Abies grandis,"cDNA Cloning, Characterization, and Functional Expression of Four New Monoterpene Synthase Members of the Tpsd Gene Family from Grand Fir (Abies grandis)(Bohlmann et al., 1999)"
O22340,Monocyclic,MALLSIVSLQVPKSCGLKSLISSSNVQKALCISTAVPTLRMRRRQKALVINMKLTTVSHRDDNGGGVLQRRIADHHPNLWEDDFIQSLSSPYGGSSYSERAETVVEEVKEMFNSIPNNRELFGSQNDLLTRLWMVDSIERLGIDRHFQNEIRVALDYVYSYWKEKEGIGCGRDSTFPDLNSTALALRTLRLHGYNVSSDVLEYFKDEKGHFACPAILTEGQITRSVLNLYRASLVAFPGEKVMEEAEIFSASYLKKVLQKIPVSNLSGEIEYVLEYGWHTNLPRLEARNYIEVYEQSGYESLNEMPYMNMKKLLQLAKLEFNIFHSLQLRELQSISRWWKESGSSQLTFTRHRHVEYYTMASCISMLPKHSAFRMEFVKVCHLVTVLDDIYDTFGTMNELQLFTDAIKRWDLSTTRWLPEYMKGVYMDLYQCINEMVEEAEKTQGRDMLNYIQNAWEALFDTFMQEAKWISSSYLPTFEEYLKNAKVSSGSRIATLQPILTLDVPLPDYILQEIDYPSRFNELASSILRLRGDTRCYKADRARGEEASAISCYMKDHPGSIEEDALNHINAMISDAIRELNWELLRPDSKSPISSKKHAFDITRAFHHVYKYRDGYTVSNNETKNLVMKTVLEPLAL,Abies grandis,"cDNA Cloning, Characterization, and Functional Expression of Four New Monoterpene Synthase Members of the Tpsd Gene Family from Grand Fir (Abies grandis)(Bohlmann et al., 1999)"
Q20HU7,Monocyclic,MSPVSAIPLAYKLCLPRSLISSSRELNPLHITIPNLGMCRRGKSMAPASMSMILTAAVSDDDRVQRRRGNYHSNLWDDDFIQSLSTPYGEPSYRESAERLKGEIKKMFRSMSKEDEELITPLNDLIQRLWMVDSVERLGIDRHFKNEIKSALDYVYSYWNEKGIGCGRDSVVADLNSTALGFRTLRLHGYNVSSEVLKVFEDQNGQFACSPSKTEGEIRSALNLYRASLIAFPGEKVMEDAEIFSSRYLKEAVQKIPDCSLSQEIAYALEYGWHTNMPRLEARNYMDVFGHPSSPWLKKNKTQYMDGEKLLELAKLEFNIFHSLQQEELQYISRWWKDSGLPKLAFSRHRHVEYYTLGSCIATDPKHRAFRLGFVKTCHLNTVLDDIYDTFGTMDEIELFTEAVRRWDPSETESLPDYMKGVYMVLYEALTEMAQEAEKTQGRDTLNYARKAWEIYLDSYIQEAKWIASGYLPTFQEYFENGKISSAYRAAALTPILTLDVPLPEYILKGIDFPSRFNDLASSFLRLRGDTRCYKADRARGEEASCISCYMKDNPGSTEEDALNHINSMINEIIKELNWELLRPDSNIPMPARKHAFDITRALHHLYKYRDGFSVATKETKSLVSRMVLEPVTL,Picea sitchensis,"Wound-Induced Terpene Synthase Gene Expression in Sitka Spruce That Exhibit Resistance or Susceptibility to Attack by the White Pine Weevil(Byun-McKay et al., 2006)"
Q84UV0,Linear,MALIATKISSRSCFVSAYPNNSPTFLISKFPNTVDSLSPANTAKRSILRNVHASVSNPSKQFHNKTSLEYLHELNIKKIKNILSANVDVPSENLEMIDVIQSLGIDLHFRQEIEQTLHMIYKEGLQFNGDLHEIALRFRLLRQEGHYVQEIIFKNILDKKGGFKDVVKNDVKGLTELFEASELRVEGEETLDGAREFTYSRLNELCSGRESHQKQEIMKSLAQPRHKTVRGLTSKRFTSMIKIAGQEDPEWLQSLLRVAEIDSIRLKSLTQGEMSQTFKWWTELGLEKDVEKARSQPLKWHTWSMKILQDPTLTEQRLDLTKPISLVYVIDDIFDVYGELEELTIFTRVVERWDHKGLKTLPKYMRVCFEALDMITTEISMKIYKSHGWNPTYALRQSWASLCKAFLVEAKWFNSGYLPTTEEYMKNGVVSSGVHLVMLHAYILLGEELTKEKVELIESNPGIVSSAATILRLWDDLGSAKDENQDGTDGSYVECYLNEYKGSTVDEARTHVAQKISRAWKRLNRECLNPCPFSRSFSKACLNIARTVPLMYSYDDDQRLPDEYLKSLM,Arabidopsis thaliana,"Biosynthesis and Emission of Terpenoid Volatiles from Arabidopsis Flowers(Chen et al., 2003)"
Q9SW76,Monocyclic,MALKVFSVATQMAIPSKLTRCLQPSHLKSSPKLLSSTNSSSRSRLRVYCSSSQLTTERRSGNYNPSRWDVEFIQSLHSDYEEDKHAIRASELVTLVKMELEKETDHIRQLELIDDLQRMGLSDHFQNEFKEILSSIYLDHHYYKNPFPKEERDLYSTSLAFRLLREHGFQVAQEVFDSFKNEEGEFKESLSDDTRGLLQLYEASFLLTEGETTLESAREFATKFLEERVNEGGVDGDLLTRIAYSLDIPLHWRIKRPNAPAWIEWYRKRPDMNPVVLELAILDLNIVQAQFQEELKESFRWWRNTGFVEKLPFARDRLVECYFWNTGIIEPRQHASARIMMGKVNALITVIDDIYDVYGTLEELEQFTDLIRRWDINSIDQLPDYMQLCFLALNNFVDDTSYDVMKEKGVNVIPYLRQSWVDLADKYMVEARWFYGGHKPSLEEYLENSWQSISGPCMLTHIFFRVTDSFTKETVDSLYKYHDLVRWSSFVLRLADDLGTSVEEVSRGDVPKSLQCYMSDYNASEAEARKHVKWLIAEVWKKMNAERVSKDSPFGKDFIGCAADLGRMAQLMYHNGDGHGTQHPIIHQQMTRTLFEPFA,Mentha longifolia,"Genome-Wide Analysis of Terpene Synthase Gene Family in Mentha longifolia and Catalytic Activity Analysis of a Single Terpene Synthase(Chen et al., 2021)"
Q40322,Monocyclic,MALKVLSVATQMAIPSNLTTCLQPSHFKSSPKLLSSTNSSSRSRLRVYCSSSQLTTERRSGNYNPSRWDVNFIQSLLSDYKEDKHVIRASELVTLVKMELEKETDQIRQLELIDDLQRMGLSDHFQNEFKEILSSIYLDHHYYKNPFPKEERDLYSTSLAFRLLREHGFQVAQEVFDSFKNEEGEFKESLSDDTRGLLQLYEASFLLTEGETTLESAREFATKFLEEKVNEGGVDGDLLTRIAYSLDIPLHWRIKRPNAPVWIEWYRKRPDMNPVVLELAILDLNIVQAQFQEELKESFRWWRNTGFVEKLPFARDRLVECYFWNTGIIEPRQHASARIMMGKVNALITVIDDIYDVYGTLEELEQFTDLIRRWDINSIDQLPDYMQLCFLALNNFVDDTSYDVMKEKGVNVIPYLRQSWVDLADKYMVEARWFYGGHKPSLEEYLENSWQSISGPCMLTHIFFRVTDSFTKETVDSLYKYHDLVRWSSFVLRLADDLGTSVEEVSRGDVPKSLQCYMSDYNASEAEARKHVKWLIAEVWKKMNAERVSKDSPFGKDFIGCAVDLGRMAQLMYHNGDGHGTQHPIIHQQMTRTLFEPFA,Mentha spicata,"4S-limonene synthase from the oil glands of spearmint (Mentha spicata). cDNA isolation, characterization, and bacterial expression of the catalytically active monoterpene cyclase(Colby et al., 1993)"
Q8H2B4,Linear,MCTIISVNHHHVAILSKPKVKLFHTKNKRSASINLPWSLSPSSSAASRPISCSISSKLYTISSAQEETRRSGNYHPSVWDFDFIQSLDTDHYKEEKQLEREEELIMEVKKLLGAKMEATKQLELIDDLQNLGLSYFFRDEIKNILNSIYKIFQNNNSTKVGDLHFTSLGFRLLRQHGFNVSQGVFDCFKNEHGSDFEKTLIGEDTKGVLQLYEASFLLREGEDTLEVARKFSTEFLEEKLKAGIDGDNLSSSIGHSLEIPLHWRIQRLEERWFLDAYSRRKDMNPIIFELAKLDFNIIQATQQEELKDLSRWWNDSSLPQKLPFVRDRLVESYYWALGLFEAHKFGYERKTAAKIITLITALDDVYDIYGTLDELQLFTHVIRRWDTESATQLPYYLQLFYFVLYNFVSEVAYHILKEEGFISIPFLHRAWVDLVEGYLQEAKWYYTKYTPTMEEYLNYASITIGAPAVISQIYFMLAKSKEKPVIESFYEYDEIIRLSGMLVRLPDDLGTLPFEMKRGDVAKSIQIYMKEQNATREEAEEHVRFMIREAWKEMNTTMAANSDLRGDVVMAAANLGRDAQFMYLDGDGNHSQLQHRIANLLFKPYV,Mentha aquatica,"Molecular cloning and characterization of a new linalool synthase(Crowell et al., 2002)"
F8TWD1,Linear,MALSCSVSLTAASGWPFPQNRNSERVKPILKEFKPTLPSTQKWSVSQKQTLAFGPTKQYPITINNDDSDTGYAEKLQTFKHILRKEGEEPIQGLAMIDAIQRLSIDYHFQEEIDSILTRQSMLLSTIHSDNNLYEVALRFRLLRQQGYHVSAGVFDNFKDNEGRFKQQLSSDIMGLVSLYEASQLSIRGEDVLDEAGDYSYQLLRSSLTHLDYNQARLVRNSLDHPHHKSLASFTAKYFFNDEPNGWIGELQELAKTEFKRVQSQHQHEIVEIFKWWKDLGLSTELRFARDQPLKWYMWSMSCLTDPSLSEQRIELTKPVSMIYIIDDIFDVHGTLNELVCFTEVINRWDIAAAEQLPDYMKICFKALNNITNEISYKIYKEHGWNPVESLRKAWASLCRAFLVEARWFASGKFPSGEEYLKNGIVSSGVHVVLVHIFFLLGQGISKENVELISNFPPIISSTATILRLWDDLGSAKDENQDGHDGSYVECYLRENEGSSLEDARKQVLHLISDAWKQLNQECLSPNPFPSTFSKASLNIARMVPLMYDYDDNHRLPSLEEHMKSLLYENVSP,Populus trichocarpa,"Four terpene synthases produce major compounds of the gypsy moth feeding-induced volatile blend ofÂ Populus trichocarpa(Danner et al., 2011)"
F8TWD2,Linear,MSNEERRSADYHPSVWELQLIESLSTPYSYELHANRLEELKQEAKRALVSTNEPRAKLKLIDSIQRLGVAYHFEREIEEAIKLTELDVNGDLHTTSLHFRLLRQHAFSVSTDVFGKFRSNRDGKFKDSIRTDVAGLLSLYEASYLGVPGEDHVLEEAKNFSSKHLKSLMLETIKDEVLAKQVKQSLEVPLHWKMPRIEARDFIDIYSSDNTRNLDLLELAKLDYNLVQSQHQRELKDLARWWGALGFKKKLSFSRDRLMENYLWAMGMVFEPQFSKCRIGLTKFVCILTAIDDIYDVYGLPEELELFTKLVNRWDSMAIDDLPDYMKICYLALFNFVNEMAYDVMRDHGLFVLPYLVEEWANLCGSYLVEARWFSSKYSPTLSEYLENARTSIGSPAALAHAYMLLGSPIAQSSLMDCFKHGSDQLIYWSSLITRLSDDLGTYTAESERGDVTKSIQCYMIEKGASEKESKEHIKGLINQAWKELNKENSKCSLPKPLVNLSLNMARTAQCIFQFGDGIGTSTGVTRDRLTSLIVEPIPVKEP,Populus trichocarpa,"Four terpene synthases produce major compounds of the gypsy moth feeding-induced volatile blend ofÂ Populus trichocarpa(Danner et al., 2011)"
R4YVJ5,Monocyclic,MRSATMAAANVREQSGQKQQLINRRSGNYEAPLWEFDYIQSLKNEYAGDIYVSRANELKEQVKMMLDEEDMKLLDCMELVDGLERLGLAYHFEGRINRLLSSDYKAIHEGNHQRNKEDLYAAALEFRIFRQNGFNVPQDIFNDFITEDGEFDESLSEDTMGLLSLYEASFLSLEGEATLDLAREFTTKHLNNYLGKENTDQNLRILVYHALELPLRWRAPRIEARWYIDAYERSPNVNPTLLELAKIDFNIVQAIHQQDLKHVSWWWKNIRIAEKLTFIRDRIVENFFWAIGAVFEPQYGSCRRMLTKVFALITMIDDIYDVYGTLEELELFTDAVDRWDVKAIDQLPDYMRVGYLGFFNSINEMAYDALKEQGVHIVEYLKKVWADLCKAYLQEAKWYYAGYTPTVEEYLENAWVSMSVPVMLMHAYAGVTNPMNKEAMDVLDTHDIVRCSSYLLRFADDLGTSPGEMKRGDVPKLVQCYMKEAGCSEEESREHVWFLLRETWKKMNKDSEWAESPFSKTFVTAAKNFGRVALVMYQYGDGHGLHSNPEAKDRILASLFSPVPPA,Coffea arabica,"Functional characterization of three Coffea arabica L. monoterpene synthases: insights into the enzymatic machinery of coffee aroma(Del Terra et al., 2013)"
Q1XBU5,Linear,MVSILSNIGMMVVTFKRPSLFTSLRRRSANNIIITKHSHPISTTRRSGNYKPTMWDFQFIQSLHNPYEGDKYMKRLNKLKKEVKKMMMTVEGSHDEELEKLELIDNLERLGVSYHFKDEIMQIMRSINININIAPPDSLYTTALKFRLLRQHGFHISQDILNDFKDENGNLKQSICKDTKDILNSSKDEHDNLKQSTCNNTKGLLKLYEASFLSIENESFLRNTTKSTLAHLMRYVDQNRCGEEDNMIVELVVHALELPRHWMVPRLETRWYISIYERMSNANPLLLELAKLDFNIVQATHQQDLRILSRWWKNTGLAEKLPFSRDILVENMFWAVGALFEPQHSYFRRLITKVIVFISIIDDIYDVYGTLDELELFTLAIQRWDTKAMEQLPDYMKVCYLALINIINEVAYEVLKNHDINVLPYLTKSWADLCKSYLQEAKWYHNGYKPNLEEYMDNARISIGVPMVLVHSLFLVTNQITKEALDSLTNYPDIIRWSATIFRLNDDLGTSSDELKRGDVSKSIQCYMNEKGASEEEAIEHIEFLIQETWEAMNTAQSKNSPLSETFIEVAKNITKASHFMYLHSDVKSSISKILFEPIIISNVAFALK,Solanum lycopersicum,"The Tomato Terpene Synthase Gene Family(Falara et al., 2011)"
A0A059SVB0,Linear,MAAITIFPLSYSIKFRRSSPCNPKDVTACKSVIKSVTGMTKVPVPVPEPIVRRSGNYKPCMWDNDFLQSLKTEYTGEAINARASEMKEEVRMIFNNVVEPLNQLELIDQLQRLGLDYHFRDEINHTLKNVHNGQKSETWEKDLHATALEFRLLRQHGHYISPEGFKRFTENGSFNKGIRADVRGLLSLYEASYFSIEGESLMEEAWSFTSNILKECLENTIDLDLQMQVRHALELPLQWRIPRFDAKWYINLYQRSGDMIPAVLEFAKLDFNIRQALNQEELKDLSRWWSRLDMGEKLPFARDRLVTSFFWSLGITGEPHHRYCREVLTKIIEFVGVYDDVYDVYGTLDELELFTNVVKRWDTNAMKELPDYMKLCFLSLINMVNETTYDILKDHNIDTLPHQRKWFNDLFERYIVEARWYNSGYQPTLEEYLKNGFVSIGGPIGVLYSYICTEDPIKKEDLEFIEDLPDIVRLTCEIFRLTDDYGTSSAELKRGDVPSSIYCYMSDTGVTEEVSRKHMMNLIRKKWAQINKLRFSKEYNNPLSWSFVDIMLNIIRAAHFLYNTGDDGFGVEDVAVEATLVSLLVEPIPL,Coriandrum sativum,"Transcriptome profiling, and cloning and characterization of the main monoterpene synthases ofÂ Coriandrum sativumÂ L.(Galata et al., 2014)"
A7IZZ1,Monocyclic,MQCIAFHQFASSSSLPIWSSIDNRFTPKTSITSISKPKPKLKSKSNLKSRSRSSTCYSIQCTVVDNPSSTITNNSDRRSANYGPPIWSFDFVQSLPIQYKGESYTSRLNKLEKDVKRMLIGVENSLAQLELIDTIQRLGISYRFENEIISILKEKFTNNNDNPNPNYDLYATALQFRLLRQYGFEVPQEIFNNFKNHKTGEFKANISNDIMGALGLYEASFHGKKGESILEEARIFTTKCLKKYKLMSSSNNNNMTLISLLVNHALEMPLQWRITRSEAKWFIEEIYERKQDMNPTLLEFAKLDFNMLQSTYQEELKVLSRWWKDSKLGEKLPFVRDRLVECFLWQVGVRFEPQFSYFRIMDTKLYVLLTIIDDMHDIYGTLEELQLFTNALQRWDLKELDKLPDYMKTAFYFTYNFTNELAFDVLQEHGFVHIEYFKKLMVELCKHHLQEAKWFYSGYKPTLQEYVENGWLSVGGQVILMHAYFAFTNPVTKEALECLKDGHPNIVRHASIILRLADDLGTLSDELKRGDVPKSIQCYMHDTGASEDEAREHIKYLISESWKEMNNEDGNINSFFSNEFVQVCQNLGRASQFIYQYGDGHASQNNLSKERVLGLIITPIPM,Cannabis sativa,"Functional Expression and Characterization of Trichome-Specific (-)-Limonene Synthase and (+)-Î±-Pinene Synthase from Cannabis sativa(GÃ¼nnewich et al., 2007)"
ATY48639,Linear,MATINFIMAHAAIVRKRPNKSICHFVRKRVTCSSTPLSGAETATGANRPDSTIKIGDEISAGRRSGNYEPPTWDFDYVQSLSNHYTEEKYSRRAKELVAQVKKLLQEELKEPIQQLELIDDLQRMGISYHFKDKIKEILNSIYDDNHHRQDCKNSEIEADLYSTALKFRLLRQHGFTSSEEVFDCFKNDNGDFKASLADDTRGLLQLYEASFLLMEGEETLEKAKEFATKFLQKNLYDEGKQGMLIDDNLLSLVHRALEIPIHHRTQRLNARWSINAYGNRSDKNPVVHELAKLDFNLLQATFQQELKHVSRWWKQTGLAEKLPFARDRLVECYFWTIGWLYEPQYVFARSAATKFVALINVIDDIYDIYGTLEELHLFQDAIQRWDIEAIGQLPQYMQLCFLALDNFINEIGYHVLKEQGFLAIPYLRKSWQDLCTSYFQEAKWYYAGYVPTLEEYIGNARISISSFLALSHTYFLVANPIEKEVLESLYNDPDLSRYSSVIFRLEDDLGTSLDELKRGDVPKAIECYMNESGANRDEAQKHIEFLIWDTWKKLNKEQVANSLFPQFLCRNAVDLCRTAQLMYQHGDGHRISTLLFEPIL,Phyla dulcis (Aztec sweet herb) (Lippia dulcis),"Functional identification of a Lippia dulcis bornyl diphosphate synthase that contains a duplicated, inhibitory arginine-rich motif.(Hurd et al., 2017)"
Q5SBP3,Linear,MSCARITVTLPYRSAKTSIQRGITHCPALLRPRFSACTPLASAVPLSSTPLINGDNSPLKNTHQHVEERSSKRREYLLEETARKLQRNDTESVEKLKLIDNIQRLGIGYYFEDAIDAVLRSPFSAEEEEDLFTAALRFRLLRHNGIQVTPEIFLKFKDERGEFDESDTLGLLSLYEASNLGVTGEEILEEAMEFAEPRLRRSLSELAAPLRSEVAQALDVPRHLRMARLEARRFIEQYGKQSDHDGDLLELAILDYNQVQAQHQSELTEITRWWKQLGLVEKLGFGRDRALECFMWTMGILPHPKYSSSRIESAKAAALLYVIDDIFDTYGKMDELILFTDAIRRWDLEAMEGLPEYMKICYMALYNTTNEICYRVLKDTGRIALPYLKSVWIETIEAYMVEVKWFSGGSAPKLEEYIENGASTVGAYMVLVHLFFLIGEGLTHQNVLFFKQKPYHKPFSAAGRIFRLWDDLGTSQEEEERGDMASSIRLFMKEYKLSTVEEARSCVLEEISRLWKDLNEGLISIKDALPLTIVKVALNIARTSQVVYKHEQHTYMLSVDNYVEALFFTPLLSS,Ocimum basilicum,"The Biochemical and Molecular Basis for the Divergent Patterns in the Biosynthesis of Terpenes and Phenylpropenes in the Peltate Glands of Three Cultivars of BasilÂ (Iijima et al., 2004)"
Q9SPN1,Linear,MASISLFPYSILKQTSPLARGTAYNRIYSTKTTGITVDVAESHVRRSANYEPSSWSFDHIQSLSSKYTGDDCVARANTLKESVKTMIRKEGNLLRTLELVDELQRLGISYLFEGEISNLLETIYYNHYKFPEKWNKFDLNLKALGFRLLRQHGYHVPQEIFLNFKDKNQNLNSYLLEDVVGMLNLYEASYHSFEDESILTEARDIATKYLKASLEKIDGSILSLVSHALDNRLHWRVPRVESKWFIEVYEKRVGASPTLIELAKLDFDMVQAIHLEDLKHASRWWRNTSWDTKLTFARDMLVENFLWTVGFSYLPNFSHGRRTITKVAAMITTLDDVYDVFGTLGELEQFTDVINRWDIKAIEQLPDYMKICFFGLYNSINDITYETLATKGFLILPYIKKAWADLCKSYLVEAQWYHRGHIPTLNEYLDNACVSISGPVALMHVHFLTSVSSTKEIHHCIERTQNIVRYVSLIFRLTDDLGTSLGEMERGDTLKSIQLYMHETGATEPEARSYIKSLIDKTWKKLNKERAIVSSESSREFIDYATNLARMAHFMYGEGDEDFRLDVIKSHVSSLLFTPIQGI,Artemisia annua,"(3R)-Linalool Synthase fromÂ Artemisia annuaÂ L.: cDNA Isolation, Characterization, and Wound Induction(Jia et al., 1999)"
Q9SPN0,Linear,GNAYMRIYSTKTTRITANATVNAADTHVRRSANYKPSSWSFDHIQSLSSKYTGDDYVARANTLKDAVKTMIRKSGNSLRTLELVDELQRLGISYLFEEEISNLLETIYYNYYKFPENWNKINLNLKALGFRLLRQHGYHVPQEIFLNFKDKNQNLNSYLLNDVVEMLNLYEASYHSFEDESILDDARDITTKYLKESLEKIDGSIFSSVTHALEQPLHWRVPRVEAKWFIELYEKKNGMSPTLVELAKLDFDMVQAIHLEDLKHASRWWRDTSWDTKLTFARDLIVENFLWTIGFSYLPNFSRGRRTITKVAVMITTLDDVYDVFGTLGELEQFTDVINRWDIKAIEQLPDYMKICFLGLYKSINDITHETLANKGFLILPYLKKAWADLCKAYLVEAQWYHRGHIPTLNEYLDNACVSISGPVALMHVHFLTSVSSIEEIHQCIQRTENIVHYVSLIFRLADDLGTSLGEMERGDTLKSIQLHMHETGATEPEARSYIKLLINKTWKKLNKERATVNSESSQEFIDYATNLVRMAQFMYGEGDEDFGLDVIKSHVLSLLFTPIQGI,Artemisia annua,"(3R)-Linalool Synthase fromÂ Artemisia annuaÂ L.: cDNA Isolation, Characterization, and Wound Induction(Jia et al., 1999)"
C0PPR1,Linear,MAFVSIAPLASRCCVHKSFVSSREVKPLCRTIPTLGRCRRGKTVTPSISMCWTATVLDDGVQRRIANHHSNLWDDSFIQSLSTPYGETSYLERADKLIGEVKEIINSISVEDGELITPLNDLIQRLSIVDNIERLGIDRHFKNEIKSALDYVYSYWNEKGIGCGRESVITDLNSTALGLRTLRLHGYPVSSDVFEQFKEQNGQFACSAIQTEGEIKKVLNLFRASLIAFPGEKVMEEAEIFSTIYLKEALLKIPVCSLSREIAYVLEYGWHMNLPRLEARNYIDVFGQDPIYLTLNMRTQKLIELAKLEFNIFHSLQQEELKHVSRWWKDSGFSQMAYARHRHVEFYTLASCIAIDPQHSSFRLGFTKITYLGTVLDDIYDTFGTMDELELFTAAVKRWHPSAAEGLPEYMKGVYMMFYETVNEMAREAEKCQGRDTLNYARQALEAYIDSYMKEAKWISSGFLPTFEEYLDNGKVSFGYRIGTLQPILTLGIPFPHHILQEIDFPSRLNDLAGSILRLKGDIHSYQAERSRGEESSGISCYMKDNPESTEEDAVTYINAMINRLLKELNWEFLKPHSNVPITSKKHAFDILRAFYHLYKDRDGFSVTRNEIRNLVMTTVIEHVPL,Picea sitchensis,"Transcriptome mining, functional characterization, and phylogeny of a large terpene synthase gene family in spruce (Piceaspp.)(Keeling et al., 2011)"
F2XF93,Linear,MAFVSIAPLASRCCVHKSFVSSREVKPLCRTIPTLGRCRRGKTVTPSISMCWTATVLDDGVQRRIANHHSNLWDDSFIQSLSTPYGETSYLERADKLIGEVKEIINSISVEDGELITPLNDLIQRLSIVDIIERLGIDRHFKNEIKSALDYVYSYWNEKGIGCGRECVITHLNSTALGLRTLRLHGYPVSSDVLEQFKDQNGQFACSAIQTEGEIKSVLNLFRASLIAFPGEKVMEEAEIFSTIYLKEALLTIPVCSLSREIAYVLEHGWHTNLPRLEARNYIDVFGQDPIYGTPNIKMTQKLLEIAKLEFNIFHSLQQKELKHLSRWWKDSVFSQLAFPRHRHVEYYTLASCIDIDPQHSSFRLGFAKISHLGTVLDDIYDTFGTMDELELFTAAVKRWHPSATKWLPEYMKGVYMMLYETVNEMAREADKSQGRDTLNYARQAWEAYIDSYMKEAKWISSGFLPTFEEYLDNGKVSFGYRIGTLQPILTLGTPFPHHILQEIDFPSSLNDLACSILRLKGDILTYQAERSRGEKSSCISCYMKDNPGSTEEDAVAYINGMVNKSLKELNWEFLRPDSNAPITSKKHAFDILRAFYHLYKHRDGFSVARNEIRNLVKTTVIEPVPL,Picea glauca,"Transcriptome mining, functional characterization, and phylogeny of a large terpene synthase gene family in spruce (Piceaspp.)(Keeling et al., 2011)"
F2XFA6,Linear,MAFVSIAPLASRCCVHKSFVSSREVKPLCRTIPTLGRCRRGKTVTPSISMCWTATVLDDGVQRRIANHHSNLWHDSFIQSLSTPYGETSYLERADKLIGEVKEIINSISVEDGELITPLNDLIQRLSIVDNIERLGIDRHFKNEIKSVLDYVYSYWNEKGIGCGRESVITDLNSTALGLRTLRLHGYPVSSDVLEQFKDQNGQFACSAIQTEGEIKSVLNLFRASLIAFPGEKVMEDAEIFSTIYLKEALLTIPVCSLSREIAYVLEHGWHTNLPRLEARNYIDVFGQDPIYGTPNIKMTQKLLEIAKLEFNIFHSLQQKELKHLSRWWKDSVFSQLTFPRHRHVEYYTLASCIDIDPQHSSFRLGFAKISHLGTVLDDIYDTFGTMDELELFTAALKRWHPSATKWLPEYMKGVYMMLYETVNEMAREADKSQGRDTLNYARQAWEAYIDSYMKEAKWISSGFLPTFEEYLDNGKVSFGYRIGTLQPILTLGTPFPHHILQEIDFPSSLNRLACSILRLKGDIHTYQAERSRGEKSSCISCYMKDNPGSTEEDAVTYINAMVNKSLKELNWEFLRPDSNAPITSKKHAFDILRAFYHLYKHRDGFSVARNEIRNLVKTTVIEPVPL,Picea sitchensis,"Transcriptome mining, functional characterization, and phylogeny of a large terpene synthase gene family in spruce (Piceaspp.)(Keeling et al., 2011)"
Q2XSC5,Linear,MSININMPAAAVLRPFRCSQLHVDETRRSGNYRPSAWDSNYIQSLNSQYKEKKCLTRLEGLIEQVKELKGTKMEAVQQLELIDDSQNLGLSYYFQDKIKHILNLIYNDHKYFYDSEAEGMDLYFTALGFRLFRQHGFKVSQEVFDRFKNENGTYFKHDDTKGLLQLYEASFLVREGEETLEQAREFATKSLQRKLDEDGDGIDANIESWIRHSLEIPLHWRAQRLEARWFLDAYARRPDMNPVIFELAKLNFNIVQATQQEELKALSRWWSSLGLAEKLPFVRDRLVESYFWAIPLFEPHQYGYQRKVATKIITLITSLDDVYDIYGTLDELQLFTNLFERWDNASIGRLPEYLQLFYFAIHNFVSEVAYDILKEKGFTSIVYLQRSWVDLLKGYLKEAKWYNSGYTPSLEEYFDNAFMTIGAPPVLSQAYFTLGSSMEKPIIESMYEYDNILRVSGMLVRLPDDLGTSSFEMERGDVPKSVQLYMKETNATEEEAVEHVRFLNREAWKKMNTAEAAGDSPLVSDVVAVAANLGRAAQFMYFDGDGNQSSLQQWIVSMLFEPYA,Lavandula angustifolia,"Cloning and functional characterization of three terpene synthases from lavender (Lavandula angustifolia)(Landmann et al., 2007)"
Q2XSC6,Monocyclic,MSIISMHVGILNRPAAYNHLRNLDRRASKPRHVSSTAAATRLRVSCATQLEIKSVDETRRSGNYNPTAWDFNYIQSLDNQYKKERYSTRHAELTVQVKKLLEEEMEAVQKLELIEDLKNLGISYPFKDNIQQILNQIYNEHKCCHNSEVEEKDLYFTALRFRLLRQQGFEVSQEVFDHFKNEKGTDFKPNLADDTKGLLQLYEASFLLREAEDTLELARQFSTKLLQKKVDENGDDKIEDNLLLWIRRSLELPLHWRVQRLEARGFLDAYVRRPDMNPIVFELAKLDFNITQATQQEELKDLSRWWNSTGLAEKLPFARDRVVESYFWAMGTFEPHQYGYQRELVAKIIALATVVDDVYDVYGTLEELELFTDAIRRWDRESIDQLPYYMQLCFLTVNNFVFELAHDVLKDKSFNCLPHLQRSWLDLAEAYLVEAKWYHSRYTPSLEEYLNIARVSVTCPTIVSQMYFALPIPIEKPVIEIMYKYHDILYLSGMLLRLPDDLGTASFELKRGDVQKAVQCYMKERNVPENEAREHVKFLIREASKQINTAMATDCPFTEDFAVAAANLGRVANFVYVDGDGFGVQHSKIYEQIGTLMFEPYP,Lavandula angustifolia,"Cloning and functional characterization of three terpene synthases from lavender (Lavandula angustifolia)(Landmann et al., 2007)"
J7HWK5,Linear,MLSSAASSSLAPLNSDPFIPKKNHNHETPNAPFDPSNDQNHETPNSLFNPIPQLATDHFQSITHHHFCTSSTLSLDGLSIKQREKVNQVREIVQNLKDPAEQMVMIDNLQRLGIDYHFREEIESILCSLSENDDAISSIHDVALRFRLLREHGYYASPDVFNSFKDKEGRFKLQLTTDIKGLMSLYESSKLSTEGEDILDEVNDFASKNLIASMEFIEPDLEREVRHVLEHPFHMSLPRFNIKKHLKDLQGKDVKTDGPIQELAILDFNILQSMHQSELKEVTKWWRDLGLSQELRFARDQPLKWYMWPLAVLPNPKFSRYRIELTKPIALVYIIDDIYDVYGTLDELVVFTEAVNRWDPTDINQLPRNMKLCFMALHNITNEIAYMVLKEHGWNPINSLKKTWTDLCNAFLVEAKWFAEGDSPKADEYLRNGVTSSGVAAVLVHLFFLVGNGITRESVDLVDSIPKLISCPAMILRLWDDLGSAKDENQKGYDGSYVECYLKENATSSLESARRHVRHMIFNAWKELNKECLSPYPFSPTFIEASLNTTRMVQVMYSYDNDQRLPALEQHITSLLKESIPDKEI,Cinnamomum osmophloeum,"Characterization of S-(+)-linalool synthase from several provenances of Cinnamomum osmophloeum(Lin et al., 2014)"
A0A6C0M6B5,Linear,MMALPCHIASLPNCGPFKVLSSPQTKPSRFTVQSKISSALHLVSDQNNATVRRSANYQPSSWSYEHIQSITSEYGKESYVEERDELKVRVRVMISQLRSDLDKLEFIDVLQKLGVSHLFDHEIRNMLQHVSAKEYEENRSKIKSDLHTIALQFRILRQHGYDVSSEVLTCFQDEIGNFDFRDIKGMLSLYEASFLSMEGETILDEARDFCSIYLKKFVKENKDSDEILSVMISHALELPLHWRIPRLEAPWFIDLYHRSNHVSPALLKELARLDFNIVQATHQQDLKYTARWWKEMRDNGEKLSFVRDLPTENFFWGVGMASQPELSYFRREMTKITSFITIIDDIYDVHGTLQELELFTHVIHRWDIHSLGILPSYMKICFLGLYNSVNEVALAILKRTGIDIIPCLKKVWGDLCESYLKEARWYNNGHVPSLQEYLNNAWISVGGPVTLVQGYFLQVPDSIMPQDFEYLQEYPNIVRLSSTIVRLANDIASYKIKSDVSKSSNEFDGGVPKSLKCYMKETGASEQEAYEYVYALMCQTWKKMNEAVNNSEFSEGFTEISMNLARMAQYMYQHGDGHSEDSHTNLRMLSLLNNPIPITTSTHIIGLHM,Albizia julibrissin,"Five TPSs are responsible for volatile terpenoid biosynthesis inÂ Albizia julibrissin(Liu et al., 2021)"
Q8L5K1,Monocyclic,MSSCINPSTLVTSANGFKCLPLATNKAAIRIMAKNKPVQCLVSAKYDNLIVDRRSANYQPSIWDHDFLQSLNSNYTDETYRRRAEELKGKVKIAIKDVTEPLDQLELIDNLQRLGLAYRFETEIRNILHNIYNNNKDYVWRKENLYATSLEFRLLRQHGYPVSQEVFNGFKDDQGGFIFDDFKGILSLHEASYYSLEGESIMEEAWQFTSKHLKEVMISKSMEEDVFVAEQAKRALELPLHWKVPMLEARWFIHVYEKREDKNHLLLELAKMEFNTLQAIYQEELKEISGWWKDTGLGEKLSFARNRLVASFLWSMGIAFEPQFAYCRRVLTISIALITVIDDIYDVYGTLDELEIFTDAVARWDINYALKHLPGYMKMCFLALYNFVNEFAYYVLKQQDFDMLLSIKNAWLGLIQAYLVEAKWYHSKYTPKLEEYLENGLVSITGPLIIAISYLSGTNPIIKKELEFLESNPDIVHWSSKIFRLQDDLGTSSDEIQRGDVPKSIQCYMHETGASEEVAREHIKDMMRQMWKKVNAYTADKDSPLTRTTTEFLLNLVRMSHFMYLHGDGHGVQNQETIDVGFTLLFQPIPLEDKDMAFTASPGTKG,Citrus limon ,"Monoterpene biosynthesis in lemon (Citrus limon)(LÃ¼cker et al., 2002)"
Q8L5K3,Monocyclic,MSSCINPSTLVTSVNAFKCLPLATNKAAIRIMAKYKPVQCLISAKYDNLTVDRRSANYQPSIWDHDFLQSLNSNYTDEAYKRRAEELRGKVKIAIKDVIEPLDQLELIDNLQRLGLAHRFETEIRNILNNIYNNNKDYNWRKENLYATSLEFRLLRQHGYPVSQEVFNGFKDDQGGFICDDFKGILSLHEASYYSLEGESIMEEAWQFTSKHLKEVMISKNMEEDVFVAEQAKRALELPLHWKVPMLEARWFIHIYERREDKNHLLLELAKMEFNTLQAIYQEELKEISGWWKDTGLGEKLSFARNRLVASFLWSMGIAFEPQFAYCRRVLTISIALITVIDDIYDVYGTLDELEIFTDAVERWDINYALKHLPGYMKMCFLALYNFVNEFAYYVLKQQDFDLLLSIKNAWLGLIQAYLVEAKWYHSKYTPKLEEYLENGLVSITGPLIITISYLSGTNPIIKKELEFLESNPDIVHWSSKIFRLQDDLGTSSDEIQRGDVPKSIQCYMHETGASEEVARQHIKDMMRQMWKKVNAYTADKDSPLTGTTTEFLLNLVRMSHFMYLHGDGHGVQNQETIDVGFTLLFQPIPLEDKHMAFTASPGTKG,Citrus limon ,"Monoterpene biosynthesis in lemon (Citrus limon)(LÃ¼cker et al., 2002)"
Q675L1,Monocyclic,MSPVSVIPLAYKLCLPRSLMSSSREVKPLHITIPNLGMCRRGKSMAPASTSMILTAAVSDDDRVQRRRGNYHSNLWDDDFIQSLSTPYGEPSYRERAERLKGEIKKMFRSMSKDDGELITPLNDLIQRLWMVDSVQRLGIDRHFKNEIKSALDYVYSYWNEKGIGCGRDSVVADLNSTALGFRTLRLHGYNVSSEVLKVFEDQNGQFACSPSKTEGEIRSALNLYRASLIAFPGEKVMDDAEIFSSRYLKEAVQEIPDCSLSQEIAYALEYGWHTNMPRLEARNYMDVFGHPSSPWLKKNKTQYMDGEKLLELAKLEFNIFHSLQQEELQYISRWWKDSGLPKLAFSRHRHVEYYTLGSCIATDPKHRAFRLGFVKTCHLNTVLDDIYDTFGTMDEIELFTEAVRRWDPSETESLPDYMKGVYMVLYEALTEMAQEAQKTQGRDTLNYARKAWEIYLDSYIQEAKWIASGYLPTFQEYFENGKISSAYRAAALTPILTLDVPLPEYILKGIDFPSRFNDLASSFLRLRGDTRCYKADRARGEEASCISCYMKDNPGSTEEDALNHINSMINEIIKELNWELLRPDSNIPMPARKHAFDITRALHHLYKYRDGFSVATKETKSLVSRMVLEPVPL,Picea abies,"Functional Characterization of Nine Norway SpruceÂ TPSÂ Genes and Evolution of Gymnosperm Terpene Synthases of theÂ TPS-dÂ Subfamily(Martin et al., 2004)"
Q675L2,Linear,MALLSIAPLTSTWCVDKSLVGSSEAKALLRKIPTLEMCRLTKSVTPSISMCLTTTVSDDGVQRRIADHHPNLWDDNFIQSLSTPYGATAYHERAQKLIGEVKVIINSILVEDGELITPPNDLLQRLSIVDSIERLGIDRHFKNEIKSALDYVYSYWSEKGIGCGRDSVVNDLNTTALGLRTLRLHGYPVSSDVLEQFKDQNGQFACSAIQTEGEIKTVLNLFRASLIAFPGEKVMEEAEIFSTIYLKEALLKIPVCSLSREIAYVLEYGWHMNLPRLEARNYIDVFGQDPIYLRSTQKLIELAKLEFNIFQSLQQEELKHVSRWWKDSGFSQMAFARHRHVEYYTLASCIDIYPQHSSFRLGFAKIAHLGTVLDDIYDTFGTMDELELFTAAVKRWHPSAAEGLPEYMKGVYMMFYETVNEMAREAEKSQGRDTLNYARQALEAYIDSYMKEAKWISSGFLPTFEEYLDNGKVSFGYRIATLQPILTLGIPFPHHILQEIDFPSRLNDLAGSILRLKGDIHSYQAERSRGEESSCISCYMKDNPEATEEDAVTYINAMVNRLLKELNWELLKPDNNVPITSKKHAFDILRAFYHLYKDRDGFSVARNEIRNLVMTTVIEHVPL,Picea abies,"Functional Characterization of Nine Norway SpruceÂ TPSÂ Genes and Evolution of Gymnosperm Terpene Synthases of theÂ TPS-dÂ Subfamily(Martin et al., 2004)"
Q9FUW5,Monocyclic,MALKMTSAVMQMAIPTKLANFVNNSDTHKQSLKLLRNVSTISTSAAAATPRHRLPVCCSASSSSSSQLPTIERRSGNYKPSRWDVDFMQSLNSDYQEERHRTKASELITQVKNLLEKETSDDPIRQLELIDDLQRLGLSDHFEHEFKEVLNSIYLDNKYYNINIMKETTSSRDLYSTALAFRLLREHGFQVAQEVFDCFKNEEGEFKASLSDDPRGLLQLYEASFLFKEGENTLEIAREFATKLLQEKVNSSDEIDDNLLSSIRYSLEIPTYWSVIRPNVSVWIDAYRKRPDMNPVVLELAILDANIMQAQLQQELKEALGWWRNTWFVEKLPFARDRLVESYFWSTGMVPRRQHKTARQLMAKVIALITVMDDIYDVYGTLEELELFTDAFRRWDVSSIDHLPTYMQLCFLSINNFVVDTAYNILKETGVNVTTYLEKSWVDQAENYLMESKWFYSGHKPSLDEYLENSWISVSGPCVLTHEFFGVTDSLAKDTLDSLYEYHDIVRWSSYLLRLADDLGTSVEEVSRGDVPKSIQCYMNDNNASEEEAREHVKGLIRVMWKKMNAERVSEDSPFCKDFIRCCEDLGRMAQFMYHYGDGHGTQHAKIHQQITDCLFQPFA,Schizonepeta tenuifolia,"Molecular Cloning, Functional Expression and Characterization of d-Limonene Synthase from Schizonepeta tenuifolia(Maruyama et al., 2001)"
Q940E7,Monocyclic,MALKMTSVVMQMAIPTKLANFVHNSDNNKSLKLVRNVSTTCTSAATPRLRLPVCCSSSSSSSSQLPTIERRSGNYSPSRWDVDFIQSLNSDYQEERHTRRASELITQVKMLMEKETTDPIRQLELIDDLQRLGLSDHFQNEFKEILNTIYLDNKYYNINIMREESRDLYSTALAFRLLREHGFQVAQEVFECFKNEEGDFKASLIDDTRGLLQLYEASFLFKEGENTLEIAREFTTKILQEKLKGDEIDDNLLSSIRYSLEIPNYWSVVRPNVSVWIDEYRKRSDMNPVVLELAILDANIVQAQLQLELKESLRWWRNTCFVEKLPFARDRLIESYFWSTGMVEPRQHANARIIMAKVIALITVMDDIYDVYGTLEELEQFTEAFRRWDVSSIDQLPTYMQLCFLAINNFVDDTAYNVLKESGVNVMTYLRKSWVDQAENYLMESKWYYSGHKPSLEEYLENSWISVSGPCVLTHEFFGVTDSLAKDTLDSLYEYHDIVRWSSYLLRLADDLGTSVEEVSRGDVPKSIQCYMHDNDASEEEARQHIKGLIREMWKKMNVERVSEDSPFCRDFIRCCEDLGRMAQFMYHYGDGHGTQHPKIHQQIAACLFQPFA,Agastache rugosa,"Molecular Cloning, Functional Expression and Characterization of d-Limonene Synthase from Schizonepeta tenuifolia(Maruyama et al., 2001)"
C0KWV5,Linear,MSSMRIYVAIMKKPSVKHVDYVDKKASKPSWRVSSSATAGLRASSSLQLDVKKPADEILTARRSGNYQPSLWDFNYLQSLNTTHYKEERHLKREAELIEQVKMLLDEEMGAVQKLDLVDDLKNLGLSYFFEDQIKQILTFIYNEHECFRSNVEAKERDLYFTALGFRLLRQHGFQVSQEVFDCFKNEEGSDFKASLGDDTKGLVQLYEASFLLREGEDTLELARQYATKFLQKKVDHELIDDDSNLLSWIRHSLEIPLHWRIQRLEARWFLDAYATRHDVNPIILELAKLDFNIIQATQQEELKDLSRWWNSTCLVEKLPFVRDRLVESYFWAIALFEPHQYGYHRKIAAKIITLITSLDDVYDIYGTLDELQLFTDAIQRWDTESISRLAYYMQLFYMVLYNFVSELAYDGLKEKGFITIPYLQRSWADLVEAYLKEAKWFYNGYTPSMEEYLNNAYISIGATPVISQVFFTLATSIDKPVIESLYEYHRILRLSGMLVRLPDDLGTSPFEMKRGDVPKTIELYMKERNATEIEAQEHVRFLIREAWREMNTATAAADCPFTDDLVAAAANLGRAAQFMYLDGDGNHSQLHQRIASLLFEPYA,Perilla frutescens var. hirtella,"Geraniol and linalool synthases from wild species of perilla(Masumoto et al., 2010)"
C0KWV7,Linear,MSSMRIYVAIMKKPSVKHVDNVDKKASKPSWRVSSSATAGLRASSSLQLDVKKPADEILTARRSGNYQPSLWDFNYLQPLNTTHYKEERHLKREAELIEQVKMLLEEEMEAVQQLELVDDLKNLGLSYFFEDQIKQILTFIYNEHKCFRSNVEAEERDLYFTALGFRLLRQHGFQVSQEVFDCFKNEEGSDFKASLGDDTKGLVQLYEASFLLREGEDTLELARQYATKFLQKKVDHELIDDDNNLLSWIRHSLEIPLHWRIQRLEARWFLDAYATRHDVNPIILELAKLDFNIIQATQQEELKDLSRWWNSTCLAEKLPFVRDRLVESYFWAIALFEPHQYGYHRKIAAKIITLITSLDDVYDIYGTLDELQLFTDAIQRWDTESISRLPYYMQLFYMVLYNFVSELAYDGLKEKGFITIPYLQRSWADLVEAYLKEAKWFYNGYTPSMEEYLNNAYISIGATPVISQVFFTLATSIDKPVIESLYEYHRILRLSGMLVRLPDDLGTSPFEMKRGDVPKAILLYMKERNATEIEAQEHVRFLIREAWKEMNTATAAADCPLTDDLVAAAANLGRAAQFMYLDGDGNHSQLHQRIASLLFEPYA,Perilla frutescens var. hirtella,"Geraniol and linalool synthases from wild species of perilla(Masumoto et al., 2010)"
A0A1C9J6A7,Monocyclic,MSSCINPSTLATSVNGFKCLPLATNRAAIRIMAKNKPVQCLVSTKYDNLTVDRRSANYQPSIWDHDFLQSLNSNYTDETYKRRAEELKGKVKTAIKDVTEPLDQLELIDNLQRLGLAYHFEPEIRNILRNIHNHNKDYNWRKENLYATSLEFRLLRQHGYPVSQEVFSGFKDDKVGFICDDFKGILSLHEASYYSLEGESIMEEAWQFTSKHLKEMMITSNSKEEDVFVAEQAKRALELPLHWKAPMLEARWFIHVYEKREDKNHLLLELAKLEFNTLQAIYQEELKDISGWWKDTGLGEKLSFARNRLVASFLWSMGIAFEPQFAYCRRVLTISIALITVIDDIYDVYGTLDELEIFTDAVARWDINYALKHLPGYMKMCFLALYNFVNEFAYYVLKQQDFDMLLSIKHAWLGLIQAYLVEAKWYHSKYTPKLEEYLENGLVSITGPLIITISYLSGTNPIIKKELEFLESNPDIVHWSSKIFRLQDDLGTSSDEIQRGDVPKSIQCYMHETGASEEVAREHIKDMMRQMWKKVNAYTADKDSPLTRTTAEFLLNLVRMSHFMYLHGDGHGVQNQETIDVGFTLLFQPIPLEDKDMAFTASPGTKG,Citrus sinensis,"Functional and Structural Characterization of a (+)-Limonene Synthase from Citrus sinensis(Morehouse et al., 2017)"
B1NA83,Linear,MSNLHVKKTDRIASGFDVAYLSAANKTHQWSIADDIASTPGSPRLHYPMDFNGQSTRTPDNFSMEYDKKIEEIKNLLRSKREEEPIDRLMFVDAIQRLGVNHNFEELIETILRNYYESTSANICGFHTLHDVSLFFRLMRQHGYDISSDVFNKFKGDDGRFRGELQRDTRGLMELYEASQLRFEGEYTLDEAESFSSQNLNKYLADMDCSSCRLVTNKLQHPYRKSIGRLTTRYDFRGKNQWGKTLHELAAMDLRMRKSEYQKELFQVSEWWKELRIAENLSLARNQPLKWYTCSMAILIDDITLSEQRIELTKSITFIYLIDDIFDVYGSPEELVIFAEAVSKWDYAAVETLPDYMKLCYKSLLDTTNEIGYKIYEKYGYNPIDSLKTTWASLCNAFLEEAKWFASGNLPNATKYLENGKVSSGVYVVMVHLFFLLGLGGTCGSAIHLNDTSKLMSSVATILRLWDDLGSAKDEHQDGKDGSYIECYMKEHISLSTEQAQQHAIDLISSEWKLLNKECFNLNHVSTSSIKKAALNTARMVPLMYSYDENQGLPILEEYVKIMLFD,Antirrhinum majus,"Two nearly identical terpene synthases catalyze the formation of nerolidol and linalool in snapdragon flowers (Nagegowda et al., 2008)"
B1NA84,Linear,MAFYIGNNLSGVPHACSLNTNITKFAKFGNMSNLHVKKTDRIASGFDVAYLSAANKTHQWSIADDIASTPGSPRLHYPMDLNGQSTRTPDNISLEYDKKIEEIKNLLQSKREEEPIDRLMFVDAIQRLGVNHNFEEMIETILRNYYESTSANICGFHTLHDVSLFFCLMRQHGYDISSNVFNKFKGDDGRFRGELQRDTRGLMELYEASQLRFEGEYTLDEAESFSSQNLNKYLADMDCSSRRLVTNKLQHPYRKSIGRLTTRYDFRGKNQWGKTLQELAAMDLRMRKSEYQKELFQVSEWWKALRIAENLSLARNQPLKWYTWSMAILIDDITLSEQRIELTKFITFIYLLDDIFDVYGSPEELVILAEAVSKWDYAAVETLPDYMKLCYKSLLDTTNEIGYKIYEKYGYNPIDSLKTTWASLCNAFLEEAKWFASGNLPNATKYLENGKVSSGVYVVMVHLFFLFGLGGTCGSAIHLNDTSKLMSSVATILRLWDDLGSAKDEHQDGKDGSYIECYMKEHTSLSLEQAQQHAIDLISSEWKLLNKECFSLNHVSTSSLKKAALNTAKIVPLMYSYDENQRLPILEEYVKFMLFD,Antirrhinum majus,"Two nearly identical terpene synthases catalyze the formation of nerolidol and linalool in snapdragon flowers (Nagegowda et al., 2008)"
A0A5B9G8E4,Linear,MFSSLSPSLPLVSPSFVTSYQRLIHIPTALQHRTRGKQFASFIVSRNTMTSSPSSTEISNPPAPQRRLAQYHPTIWDHKLIDSFTTHYTYELHATRLESLKQNVAETLLAASTSNKGGSASTCSVLKLIDSMQRLGVAYHFEQETDAALLSLVSSSTHGTTDDLHTVALQFRILREHGISISPEVFNKFRSRDGSFEDSLSKDVEGLLSLYEASHLGMPGEEEDHVLEEAKSFSTRNLRQIIGTLEDDNLLKQIVEQSLETPLHWRMPRIEARNFIDIYERDNSKSLALLELAKLDYNLVPISISNGDKGAIKVVERLGISKTRQVSSRDRLMENYLWAMGINYEPRFSECRIGLTKFVCILTIIDDMYDVYGFLDELEHFTHAVCRWNMEAKEVLPEYMRPVYAAMLKFGNELADNDFKNNGLDVLPYIKKEWVNLCKSYLVEARWFYRGYTPTLQEYLDNAWTSVGGPGALLHAYLLQGLGSHLTKTSLESFKHGSEIVYWSSFMTRLSDDLGTSKAESERGDVAKAVECYMEEKGTSEEKAQHYINDLICYSWKKMNEESAKTSRIPKSIVKMSLNMARTAHSIFQHGDGIGTSIGVTKDRLISLIANPIPIYHEHK,Prunus dulcis,"Profiling of volatile terpenes from almond (Prunus dulcis) young fruits and characterization of seven terpene synthase genes (Nawade et al., 2019)"
B0F4G4,Monocyclic,MALKVFSGAMQMPIPSKLTTYLQPSHLNSSPKLLSNTKGTSRSRLRVSCSSSQLTTERRSGNYNPSRWDVDFIQTLHSDYKDEKHARRASELVTLVKMELEKETDQIRQLELIDDLQRMGLSDHFQNEFKEILSSVYLDHGYYKNPDPKEERDLYSTSLAFRLLREHGFQVAQEVFDSFKNEEGEFKESLSDDTRGLLQLYEASFLLTEGETTLESAREFATKFLEERVNEGGGDENLLTRIAYSLEIPLHWRIKRPNAPVWIDSYRKRPNMNPVVLDLAILDLNIVQAHFQQELKESFRWWRNTGFVEKLPFARDRLVECYFWNTGIIEPRQHASARIMMGKVNALITVIDDIYDVYGTLEELEHFTDLIRRWDIDSIDQLPDYMQLCFLALNNFVDETSYDVMKEKGVNVIPYLRQSWVDLADKYMVEARWFYGGHKPSLEEYLENSWMSISGPCMLTHIFFRVTDSFTKETVDSLYKYHDLVRWSSFVLRLADDLGTSVEEVSRGDVPKSLQCYMSDYNASEAEARKHVKWLIAEVWKKMNAERVSKDSPFGKDFIGCAVDLGRMAQLMYHNGDGHGTQHPIIHQQMTATLFEPFA,Mentha piperita,"Characterization and mechanism of (4S)-limonene synthase, A monoterpene cyclase from the glandular trichomes of peppermint (Mentha x piperita)(Rajaonarivony et al., 1992)"
Q6F5H2,Monocyclic,MSSCINPSTLATSVNGFKCLPLATNRAAIRIMAKNKPVQCLVSTKYDNLTVDRRSANYQPSIWDHDFLQSLNSNYTDETYKRRAEELKGKVKTAIKDVTEPLDQLELIDNLQRLGLAYHFEPEIRNILRNIHNHNKDYNWRKENLYATSLEFRLLRQHGYPVSQEVFSGFKDDKVGFICDDFKGILSLHEASYYSLEGESIMEEAWQFTSKHLKEMMITSNSKEEDVFVAEQAKRALELPLHWKKVPMLEARWFIHVYEKREDKNHLLLELAKLEFNTLQAIYQEELKDISGWWKDTGLGEKLSFARNRLVASFLWSMGIAFEPQFAYCRRVLTISIALITVIDDIYDVYGTLDELEIFTDAVARWDINYALKHLPGYMKMCFLALYNFVNEFAYYVLKQQDFDMLLSIKHAWLGLIQAYLVEAKWYHSKYTPKLEEYLENGLVSITGPLIITISYLSGTNPIIKKELEFLESNPDIVHWSSKIFRLQDDLGTSSDEIQRGDVPKSIQCYMHETGASEEVAREHIKDMMRQMWKKVNAYTADKDSPLTRTTAEFLLNLVRMSHFMYLHGDGHGVQNQETIDVGFTLLFQPIPLEDKDMAFTASPGTKG,Citrus unshiu,"Isolation and characterization of a newÂ d-limonene synthase gene with a different expression pattern inÂ Citrus unshiuÂ Marc(Shimada et al., 2005)"
Q6F5H3,Monocyclic,MSSCINPSTLVTSVNGFKCLPLATNKAAIRIMAKNKPVQCLVSAKYDNLTVDRRSANYQPSIWDHDFLQSLNSNYTDETYKRREEELKGKVMTTIKDVTEPLNQLELIDSLQRLGLAYHFETEIRNILHDIYNSNNDYVWRKENLYATSLEFRLLRQHGYPVSQEVFNGFKDDQGGFICDDFKGVLSLHEASYFSLEGESIMEEAWQFTSKHLKEVMISKSKQGDVFVAEQAKRGLELPLHWKVPMLEARWFIDVYEKREDKNHLLLELAKLEFNVLQAIYQEELKDVSRWWKDIGLGEKLSFARDSLVASFVWSMGIVFEPQFAYCRRILTITFALISVIDDIYDVYGTLDELELFADAVERWDINYALNHLPDYMKICFLALYNLVNEFTYYVLKQQDFDILRSIKNAWLRNIQAYLVEAKWYHGKYTPTLGEFLENGLVSIGGPMVTMTAYLSGTNPIIEKELEFLESNQDISHWSFKILRLQDDLGTSSDEIRRGDVPKSIQCYMHETGASEEVAREHIKDMMRQMWKKVNAYRADKDFPLSQTTVEFILNVVRVSHFMYLHGDGHGAQNQETMDVVFTLLFQPIPLDDKHIVATSSPVTKG,Citrus unshiu,"Isolation and characterization of a newÂ d-limonene synthase gene with a different expression pattern inÂ Citrus unshiuÂ Marc(Shimada et al., 2005)"
A0A097ZLN9,Linear,MAFSSSSRAKLSATSHISKAPDKISKTSRPSLIEFTPSPTIYQKGCITSDNTVASPPLKHFTHTTRHPSFFDHDIQVEHSRKLKEFKHIFSLVGGNSFEGLVMIDAVQRLRIEYLFKDEIEEILQRQYIISSTCGGHLHDLQEVALRFRLLRQEGYYVPADMFNNFRIKEGRFSRINVSEDIGTLMEVYEASQLSIAGEEGLDEAGHFSAKMLNECMTHLDHYHALAIGNTLRHPYHKSLPRFMAKDVFLSNFQGERRLHVLKEIAKKDFNMVQALHQKEIVQVTKWWKDLGLTKKLPFARDQPLKWYIWSMACLTDPSLSEQRVELTKPISLIYIIDDIFDVYGTLDELILFTETITRWDLAAMGQLPEYMKICFKALDDITNEISCKVYKKHGYNPVQSLRNAWTSLCKAFLVEAKWFASGHMPEAEEYLRNGIESSGVHVALAHFFFLLGHGITKETVELIDGNPAIISSTATILRLWDDLGSAKDENQEGKDGSYIHYYMKEHRYSAAEEAQKSAINKISDAWKRLNKECLCPNPFSASFTRASLNLARMVPLMYSYDDNQRLPSLEHYIKSLLFESVPTEGVY,Citrus unshiu,"Isolation and characterization of a newÂ d-limonene synthase gene with a different expression pattern inÂ Citrus unshiuÂ Marc(Shimada et al., 2005)"
A0A097ZLP5,Linear,MLFQVSASPNKVIRINAEKESTRRSANFDPTIWGDYFLSYTGDFKESGDASVKHQELKKEIRTMLRADINKPTQTKLDLIDDIQRLGVSYHFESEIDEILRKMHEANQDCDLGDDENVQELYYISLHFRLLRQNGYKISADVFNSFKDSNGNFKSFLKRDIRGMLSLYEAAHLRVHGENILNEALTFTVTHLESFTSQSNTQLAAQVNRALNRPIRKSLPRLEAKHYMPIYQKDPSHNKDLLTFAMLDFNILQKQHQEELRDIVRWWKNFDVPNKLPFIRDRVVEGYFWILGVYFEPKFLLARKILTKVISMASIIDDIYDAYGTIEELELFATAIERWDLSAIDLLPEYMKLCYCALLDAYSEFEKDLASKGILYGLPFAKESMKILVRSYIIEARWCDQQYVPTMEEYMRVALLSCGYLLLSTSSFLGMEDIVTKEAFEWVSGNPKIVQASSIICRLMDDIVSHKFEQQRGHVASAVECYMKQHGVSEEEAVKVFREKVGNAWKDINEELMRPPVVPMPLLERVLNLARLMDVLYQNNDSYTNPHLMKDHVAALLKDPVFFED,Citrus unshiu,"Isolation and characterization of a newÂ d-limonene synthase gene with a different expression pattern inÂ Citrus unshiuÂ Marc(Shimada et al., 2005)"
A0A097ZLS9,Linear,MAFSSKDISSDSSHIHFIPKHISKVGNRNLNNINSLLPNNKKGSINDNIGVSARLKRFTYPSEHSSNFNDDIHIKHAKKLEVIKHILIKLGDDDSFEGLAMIDVVQRLGIDYYFQDEIELILRRQYSIFFTDGDRYNDLQEVALRFRLLRQQGYYVSADVFNRFRNKEGEFKQNISEDINGLMSLYEASQLSIGGEDGLDEAGHFSATHLANYDLAGVVEHLLLYPYRKSLSPAKNFFHGNFQGSEYIWILDLQELANMDFKLVQSLHQKEIVQISSWWRELGLAKKLEFAREQPVKWYVWSMACFTDPNLSWQRIELTKPISFVYIIDDIFYVCGALDALTLFTEPINRWDLGDIDQLPEYMKICFKALNDITNEISKQGVQRSMGITLCTPLRKGVGEVLCNAFLIEAKWFASGHLPKAEEYLENGIVSSGVHLVLVHIFFLLGHGITNETVQLIDSNPPIVSSVATILRIWDDLGSAKDENQGGKDGSYIYYYMMEHRDLTAEDAHKHAMDKISDAWKRLNKECLSPNPFSASFTRASFNCARMVPLMYSYDDSQRLPSLEEYIKSSLFDNLPTQGVY,Citrus unshiu,"Isolation and characterization of a newÂ d-limonene synthase gene with a different expression pattern inÂ Citrus unshiuÂ Marc(Shimada et al., 2005)"
B6F137,Linear,MALPALFGSSLPSSIRHNQPSLFSFRHPRFCSSSSSASFSSQFILCASKTGDQEIVRRSANWQPSVWDYDYVQSLTVDYTEDKYTKQVQRLKEEVKGLFDREMKQVAKLEFIDVVQRLGLGYHFKTEIKIALSSIHNNTEDAQLSNDLYAASLRFRLLRQYGCNVQQDVFQRFMNKTGTFKESLNKDVKGILGLYEASFHGMEGETVLDEAWNFASKHLKDLNLDEVPTNLASNVSHALDMPIHWRPNRLEARWFMDMYEKQQDLIPSLLRLAKLDFNIVQSIHRKEVSNLARWWVELGANKMTFFRDRLVESYFWSCILVFEPQYTDFRELNTRIACMATLIDDVYDIYGTPEELELLTDFILRWDITDIDKLPPTIRNGFMALYNTTNKVGYRTMTKRGINPIPYLRKLWGDECKADMKEVHWFNNGIKPTLKEYMDVAVDSIGGLILLLNSYFLTTDYLTEEGLNYVSKIPSVMHSSAQIFRFNDDLSTSSHELARGDNSKALECYMNETGASEEIAREHIRHLVRETWKKMNKEVFEDYPFSGFGPFLSACLNLARASHCFYEYGDGYGLPDHQTRDHLASTIFESVSLD,Backhousia citriodora,"Molecular Cloning and Characterization of a Linalool Synthase from Lemon MyrtleÂ (Sugiura et al., 2011)"
Q6ZH94,Linear,MVCHVFSSFSSSLIRVLEAPLLLPAASASSSSSSSPASRSGGRRRRAAHVRPSPAIYPGRQELASHSSMLPTDFDIKVLIERHEALTDDVQEMLQHQRRRHQKTASGGRERIATVDHLRRLCMDHYFQDEVDDAMDACLLEELAHGGDLLDATLAFRLMREAGHHVSADEVLGRFTDDNGEFRLDYRKDIRGLLSLQDISHMNIGQEASLCKAKEFSTRNLESAINYLEPNLARYVRQSLDHPYHVSLNQYKARHHLSYLQTLPIRCTAMEELALADFQLNKLLHQMEMQEIKRWWMDLGLAQEIPVARDQVQKWFVWMMTAIQGASLSRCRIELTKIVSFVYIVDDIFDLVGTREELSCFTQAIRMWDLAAADSLPSCMRSCFRALHTVTNDIADMVEREHGVNPINHLKKAWAMLFDGFMTETKWLSAGQVPDSEEYLRNGVVTSGVPLVFVHLLFMLGHDVSQNAAEFVDHIPPVISCPAKILRLWDDLGSAKDEAQEGLDGSYKELYLKENPGLAAGEAEEHVRRLIAGEWEELNRECFSASPSRSSPATTFPAGFTQAALNAARMVGVMYGYDGERRLPVLDDYVRMLLF,Oryza sativa subsp. japonica,"Molecular and genomic basis of volatile-mediated indirect defense against insects in rice(Yuan et al., 2008)"
O04806,Monocyclic,MYTGAIMHMAIPIKPAHYLHNSGRSYASQLCGFSSTSTRAAIARLPLCLRFRCSLQASDQRRSGNYSPSFWNADYILSLNSHYKDKSHMKRAGELIVQVKMVMGKETDPVVQLELIDDLQKLALSHHVEKEIKEILFKISTYDHKIMVERDLYSTALAFRLLRQYGFKVPQEVFDCFKNDNGEFKRSLSSDTKGLLQLYEASFLLTEGEMTLELAREFATKSLQEKLNEKTIDDDDDADTNLISCVRHSLDIPIHWRIQRPNASWWIDAYKRRSHMNPLVLELAKLDLNIFQAQFQQELKQDLGWWKNTCLAEKLPFVRDRLVECYFWCTGIIQPLQHENARVTLAKVNALITTLDDIYDVYGTLEELELFTEAIRRWDVSSIDHLPNYMQLCFLALNNFVDDTAYDVMKEKDINIIPYLRKSWLDLAETYLVEAKWFYSGHKPNLEEYLNNAWISISGPVMLWHVFFRVTDSITRETVESLFKYHDLIRYSSTILRLADDLGTSLEEVSRGDVPKSIQCYMNDNNASEEEARRHIRWLIAETWKKINEEVWSVDSPFCKDFIACAADMGRMAQFMYHNGDGHGIQNPQIHQQMTDILFEQWL,Perilla frutescens var. acuta,"cDNA Cloning, Characterization, and Functional Expression of 4S-(âˆ’)-Limonene Synthase fromPerilla frutescens(Yuba et al., 1996)"
U5PZT6,Linear,MSLLLAPPSYFPFRGLRRSTAAKQPPCLRLVKCTADRQSPEAARRSAHYQPNMWSDDYIQSLTVESPLKVEEKEQTKKLMLLKERIAEVICEGKEVEEQLRLIDHLQQLGVAYHFKDDIKASLRNIHSSLEEISSTIIFKDGLHASALLFRLLRENGFSISEDIFEEFRDEKGQYFRSDGLKNQTDQAMLSLYEASYYEKDGEMVLQEAMECTTKHLENLLEEEGSDLKLKEQAAHALELPLNWRMERLHARWFIEACQREVMVIDNPLLLEFAKLDFNAVQSIYKKELSALSRWWTKLGVVEKLPFARDRLTENYLWTVGWAFEPEHWSFRDAQTKGNCFVTMIDDVYDVYGTLDELELFTHVVDRWDINAIDQLPDYMKILFLALFNTVNDDGYKVMKEKGLDVIPYLKRSWADLCKAYLVEAKWYHRGYKPTINEYLDNTWISISGPAIFTNAYCMANNLTKQDLERFSEYPAIAKHSSMLGRLYNDLATSTAEIERGDVPKSIQCCMHERGVSEGVAREQVKELIRGNWRCMNGDRAAASSFEEMLKTVAVDIARASQFFYHNGDKYGKADGETMTQVMSLLINPII,Hedychium coronarium,"Characterization of two monoterpene synthases involved in floral scent formation inÂ Hedychium coronarium(Yue et al., 2014)"
A0A4Y5QVX4,Monocyclic,MQCIAFHQFASSSSLPIWSSIDNRFTPKTSITSISKPKPKLKSKSNLKSRSRSSTCYPIQCTVVDNPSSTITNNSDRRSANYGPPIWSFDFVQSLPIQYKGESYTSRLNKLEKDVKRMLIGVENSLAQLELIDTIQRLGISYRFENEIISILKEKFTNNNDNPNPNYDLYATALQFRLLRQYGFEVPQEIFNNFKNHKTGEFKANISNDIMGALGLYEASFHGKKGESILEEARIFTTKCLKKYKLMSSSNNNNMTLISLLVNHALEMPLQWRITRSEAKWFIEEIYERKQDMNPTLLEFAKLDFNMLQSTYQEELKVLSRWWKDSKLGEKLPFVRDRLVECFLWQVGVRFEPQFSYFRIMDTKLYVLLTIIDDMHDIYGTLEELQLFTNALQRWDLKELDKLPDYMKTAFYFTYNFTNELAFDVLQEHGFVHIEYFKKLMVELCKHHLQEAKWFYSGYKPTLQEYVENGWLSVGGQVILMHAYFAFTNPVTKEALECLKDGHPNIVRHASIILRLADDLGTLSDELKRGDVPKSIQCYMHDTGASEDEAREHIKYLISESWKEMNNEDGNINSFFSNEFVQVCKNLGRASQFMYQYGDGHASQNNLSKERVLGLIITPIPM,Cannabis sativa,"Functional Expression and Characterization of Trichome-Specific (-)-Limonene Synthase and (+)-Î±-Pinene Synthase from Cannabis sativa(GÃ¼nnewich et al., 2007)"
A0A6P6W6H5,Monocyclic,MAIINLPVPTNSSSEVNKHNHLRSCLPSGRATFTTLSAAAMRSATMAAANVREQSGQKQQLINRRSGNYEAPLWEFDYIQSLKNEYAGDIYVSRANELKEQVKMMLDEEDMKLLDCMELVDGLERLGLAYHFEGRINRLLSSDYKAIHEGNHQRNKEDLYAAALEFRIFRQNGFNVPQDIFNDFITEDGEFDESLSEDTMGLLSLYEASFLSLEGEATLDLAREFTTKHLNNYLGKENTDQNLRILVYHALELPLRWRAPRIEARWYIDAYERSPNVNPTLLELAKIDFNIVQAIHQQDLKHVSWWWKNIRIAEKLTFIRDRIVENFFWAIGAVFEPQYGSCRRMLTKVFALITMIDDIYDVYGTLEELELFTDAVDRWDVKAIDQLPDYMRVGYLGFFNSINEMAYDALKEQGVHIVEYLRKVWADLCKAYLQEAKWYYAGYTPTVEEYLENAWVSMSVPVMLMHAYAGVTNPMNKEAMDVLDTHDIVRCSSYLLRFADDLGTSPGEMKRGDVPKLVQCYMKEAGCSEEESREHVWFLLRETWKKMNKDSEWAESPFSKTFVTAAKNFGRVALVMYQYGDGHGLHSNPEAKDRILASLFSPVPPA,Coffea arabica,"Functional characterization of three Coffea arabica L. monoterpene synthases: insights into the enzymatic machinery of coffee aroma(Del Terra et al., 2013)"
D5SL78,Linear,MQEFEFAVPAPSRVSPDLARARARHLDWVHAMDLVRGEEARRRYEFSCVADIGAYGYPHATGADLDLCVDVLGWTFLFDDQFDAGDGRERDALAVCAELTDLLWKGTAATAASPPIVVAFSDCWERMRAGMSDAWRRRTVHEWVDYLAGWPTKLADRAHGAVLDPAAHLRARHRTICCRPLFALAERVGGYEVPRRAWHSSRLDGMRFTTSDAVIGMNELHSFEKDRAQGHANLVLSLVHHGGLTGPEAVTRVCDLVQGSIESFLRLRSGLPELGRALGVEGAVLDRYADALSAFCRGYHDWGRGASRYTTRDHPGDLGLENLVARSSG,Streptomyces clavuligerus,"Structural basis of catalysis in the bacterial monoterpene synthases linalool synthase and 1,8-cineole synthase(Karuppiah et al., 2017)."
Q96376,Linear,MQLITNFSSSSSELQFLVDKVKRESLSSSSSNTQNLFLSTSPYDTAWLALIPHPHHHHHHGRPMFEKCLQWILHNQTPQGFWAAAGDNISDTDDDVTLDCLLSTLACLVALKRWQLAPDMIHKGLEFVNRNTERLVMKQKPSDVPRWFTIMFPAMLELAGASSLRVDFSENLNRILVELSQNRDDILTREEVDEKKQYSPLLLFLEALPAQSYDNDVLKQIIDKNLSNDGSLLQSPSATARAYMITGNTRCLSYLHSLTNSCSNGGVPSFYPVDDDLHDLVMVNQLTRSGLTEHLIPEIDHLLLKVQKNYKYKKASPKSLYSIAAELYRDSLAFWLLRVNNHWVSPSIFCWFLDDDEIRDHIETNYEEFAAVLLNVYRATDLMFSGEVQLVEARSFATKNLEKILATGNIHKTNADISSSLHKMIEHELRVPWTARMDHVENRIWIEEIASSALWFGKSSYLRLSCFHKMSLQQLAVKNYTLRQLVYRDELAEVERWSKERGLCDMGFCREKTGYCYYAFAASTCLPWSSDVRLVLTKAAVVITVADDFFDVEGSMVDLEKLTDAVRRWDAEGLGSHSKTIFEALDDLVNEVRLKCFQQNGQDIKNNLQQLWYETFHSWLMEAKWGKGLTSKPSVDVYLGNAMTSIAAHTMVLTASCLLGPGFPVHQLWSQRRHQDITSLLMVLTRLLNDIQSYLKEEDEGKINYVWMYMIENNQASIDDSVRHVQTIINVKKQEFIQRVLSDQHCNLPKSFKQLHFSCLKVFNMFFNSSNIFDTDTDLLLDIHEAFVSPPQVPKFKPHIKPPHQLPATLQPPHQPQQIMVNKKKVEMVYKSYHHPFKVFTLQKKQSSGHGTMNPRASILAGPNIKLCFS,Clarkia breweri,"Evolution of floral scent in Clarkia: novel patterns of S-linalool synthase gene expression in the C. breweri flower(Dudareva et al., 1996)"
Q9AXM7,Monocyclic,MYTGVIMHMAIPIKPAHYLHNSGRSYASQLCGFSSTSTRAAIARLPLCLRFRCSLQASDQRRSGNYSPSFWNADYILSLNNHYKEESRHMKRAGELIVQVKMVMGKETDPVVQLELIDDLHKLALSHHFEKEIKEILFNISIYDHKIMVERDLYSTALAFRLLRQYGFKVPQEVFDCFKNDNGEFKRSLSSDTKGLLQLYEASFLLTEGEMTLELAREFATIFLQEKLNDKTIDDDDDADTNLISCVRHSLDIPIHWRIQRPNASWWIDAYKRRSHMNPLVLELAKLDLNIFQAQFQQELKQDLGWWKNTCLAEKLPFTRDRLVECYFWCTGIIQPLQHENARVTLAKVNALITTLDDIYDVYGTLEELELFTEAIRRWDVSSIDHLPNYMQLCFLALNNFVDDTAYDVMKEKDINIIPYLRKSWLDLAETYLVEAKWFYSGHKPNMEEYLNNAWISISGPVMLCHVFFRVTDSITRETVESLFKYHDLIRYSSTILRLADDLGTSLEEVSRGDVPKSIQCYMNDNNASEEEARRHVRWLIAETWKKINEEVWSADSPFCKDFIACAADMGRMAQFMYHNGDGHGIQNPQIHQQMTDILFEQWL,Perilla frutescens var. frutescens,"cDNA Cloning, Characterization, and Functional Expression of 4S-(âˆ’)-Limonene Synthase fromPerilla frutescens(Yuba et al., 1996)"
A0A068B0N9,Linear,MFSSLSHSFPLVSPSFVTSYQRLIHIPTALQHRTRGKHYPSFIISRNSSSSPSSMEMSNPPAPQRRLAQYHPTIWDHKLIGSFTTHYTYELHATRLESLKQNVAKTLLAASTSNKGSSASTCSVLKLIDSIQRLGVAYHFEQETDAALLSLVSSSTHGTTDDLHTVALQFRILREHGISIGPDVFNKFRSRDGSFKDSLSKDVEGLLSLYEASHLGMPGEEEDHVLEEAKSFSTRNLRQLIGTLEDDNLLKQIVEQSLETPLRWRMPRIEARNFIDIYERDNSKNLALLELAKLDYNLVQSVYQMEIKELSRWWTDLDFKNKASFSRDRLMENYLWAMGINYEPQLSECRIGLTKFVCILTIIDDMYDVYGFLDELEHFTQVVCRWNMEAKEELPEYMKPVYAAMLKFGNELADNVFKNNGLDVLPYIKKEWVNLCKSYLVEARWFYRGYTPTLQEYLDNAWTSVGGPGALLHAYLLQGLGCHLTKTSLESFKHGSEIVYWSSLMTRLSDDLGTSKAESERGDVAKAVECYMEEKGTSEEEAQHYINDLICYSWKKMNEESAKTSRIPKSVVKMSLNMARTAHSIFQHGDGIGTSIGVTKDRLISLIANPILIYHEHK,Prunus campanulata,"Cloning and characterization of terpene synthase genes from Taiwan cherry(Huang et al., 2019)"
A0A0D3ML99,Monocyclic,MFFSPLTVSPARCVSLLSPKNHPRIRNSKSIQCNATATTIDHDQELNRRSANYPPSFWDYNFVKSLTSDYTEEKYVSQVEKLKDEVQHLINGDMDVPLLMLELIDSVQRLGLKYKFEKDIKKALDVIYNDKNDAWLSSDLYSTALQFRLLRQHGYDVPQDVFERFKNENGSFKASICEDVKGLLSLYEASFFGFKGEDIIDEAKAFATKHLKKIKGNLSPSMVRKVNHALDMPLHWKLPRMEARWFIDTYEQEPNKNPNLLQLAKLDYNIVQSIHQKEVGELARWWVDLGLDKVTFSRDRLMEHYFWCNGMVSDPQYGAFRDMTTKVTCFITLIDDVYDVYGSIEELELFTDFVDRWDITEIDKLPNNIKAVLLAMFNGTNDIGYWTLKERGFNIIPYLSKQWAKLCKAYFTEAKWFHQGYKPTLDEYLDNAVVSIAAPIMLFCSYFLTTDKITVDALNYIDKLPSIMWCPSMLLRLTNDLGTSSGELARGDSLKAVQCYMNDTGATEEVAREHIKSLVHETWKTLNKDMLGSYPFSEACLTANPNLGRTTQCMYQHGDGHGIPDRWTKDNVISLLVEPFTLD,Eleutherococcus trifoliatus,"Cloning and functional characterization of a monoterpene synthase gene from Eleutherococcus trifoliatus(Huang et al., 2015)"
A0A0F6PMD0,Monocyclic,MHMAIPIKPAHYLHNSGRSYASQLCGFSSTSTRAAIARLPLCLRFRCSLQASDQRRSGNYSPSFWNADYILSLNSHYKDKSHMKRAGELIVQVKMVMGKETDPVVQLELIDDLQKLALSHHVEKEIKEILFKISTYDHKIMVERDLYSTALAFRLLRQYGFKVPQEVFDCFKNDNGEFKRSLSSDTKGLLQLYEASFLLTEGEMTLELAREFATKSLQEKLNEKTIDDDDDADTNLISCVRHSLDIPIHWRIQRPNASWWIDAYKRRSHMNPLVLELAKLDLNIFQAQFQQELKQDLGWWKNTCLAEKLPFVRDRLVECYFWCTGIIQPLQHENARVTLAKVNALITTLDDIYDVYGTLEELELFTEAIRRWDVSSIDHLPNYMQLCFLALNNFVDDTAYDVMKEKDINIIPYLRKSWLDLAETYLVEAKWFYSGHKPNLEEYLNNAWISISGPVMLCHVFFRVTDSITRETVESLFKYHDLIRYSSTILRLADDLGTSLEEVSRGDVPKSIQCYMNDNNASEEEARRHIRWLIAETWKKINEEVWSVDSPFCKDFIACAADMGRMAQFMYHNGDGHGIQNPQIHQQMTDILFEQWL,Perilla frutescens,"Capturing of the monoterpene olefin limonene produced in Saccharomyces cerevisiae.(Jongedijk et al., 2015)"
A0A140KFH3,Linear,MQIFHCASPPSHLPIAPNNIPQINKTSLIASSSTLKTHKWSIGDDLTLISNPSIHKDYQTGYRSLTDDFCVKHEQKLKEAKRMLRKVGENPLEGLVMIDNLQRLGIDYHFQEEIEALLQSQYTKSNATTLGYDLYEVSTRFRLLRQEGYNVPADVFNNFKDKKGKLKPELIADMRGLMSLYEASQLSIEGEDILDQAADFSTRVLNGLMPHLSHHQARVVGNTLGNPHHKSLARFMARDFLSDDKNPSEWENVLQELAKMDFNMVQFTHQKEILQVSKWWKDTGLASELKFARDQPLKWYMWPMAALTDPRFSEQRVELTKPISFIYLIDDIFDVYGTLEELTLFTEVVNRWELGAVEQLPEYMKICFKALDDITNHIAYKVYREHGWNPIDSLRRTWASLCNAFLVEAKWFDSGHLPKPEEYLKNGVISSGVHVVLVHMFFLLGHNITKQNVNLVNDNPGMVTSTATILRLFDDLGSAKDENQDGKDGSYVQCYMKENNCSSVDTARKQVIHMISQAWKSLNKECLSPNPFSPAFTKGSLNIARMVPLMYSYDDKQNLPVLEEYMKSMFYDKLP,Camellia saluenensis,"Identification of a novel hedycaryol synthase gene isolated from Camellia brevistyla flowers and floral scent of Camellia cultivars(Hattan et al., 2016)"
A0A1Q1N939,Linear,MALLPCLPSQFPCSPVTGFVRLPLLSSRRSSKGVQSSNYRFRCCINTGTSVSQPLRRAASYPQNIWDDSYIQALNCGYMGDEQVNEIRKLKEEVRQLFSDSKEILYQIELIDELQQLGVAYHFQDEIKDKLSTIFFSLEKTRLFMDNDLKATSLIFRLLREHGFHLSADIFNSFREDEGNFKLCLKNDMEGMLSLYEASFLAIEGDNQLDEARMFATEHLKHLSESLVEASLRERVAHALELPLHWRMPRLHTRWFIDCYEKKVDMNSKLCRLAKLDFNFVQSIYKRELKELSRWWTNLGLGQKLNFARDRLVENYLFVIGWAFEPKLWQNREAMTMANCLVTTLDDIYDIYGSLDELELFTDAVNRWDAEAIEQLPDYMKTCIMALFNTTNLTAYKIMHTKGVNIIPQLRRSWADLCKAYLVEAKWYHSGYMPTLEEYLDTAWISISGPLVLTQAYCTSENITDEALKCYNFYPDVVRQSSMISRLWNDLATSTAEMERGDVPKSIQCYMHEKGVSEEVAREYIRDIIVSISKKFDYDCISNSSIAESLKSVALDVHRMSQCVYQYEDGYGEQGHQKREQVISLLIEPIPL,Freesia hybrid cultivar,"MYB21 interacts with MYC2 to control the expression of terpene synthase genes in flowers of Freesia hybrida and Arabidopsis thaliana(Yang et al., 2020)"
A0A2R3ZE38,Linear,MAFILQAHSASSKSQTADLHVRHEEKLKELKETLANSGEDQLQQLVMVDAMQRLGVAYYFQEEIDAILEKQYTRSLAYNDNDDGNHQLLEASLRFRLLRQQGFPVTPDAEACNQIKNNEKLKSGLIAGDEDIKGLVELCEASHLGFHGEETLDEAGKLSRQLLTAWVPNNLKDHRAALASHTLEHPYHKSLTRFMAKNFLNNFQGQEKWVCSLRELANLEFNMVESIIRNEILQVSRWWKELGLTKELKFVRDQPIKWYTWPMASLVDPRLSDERFELTKAISLVYIIDDIFDVHGTLDELIHFTAAVARWDTDTNDELPNYMKTCFKALNEITNDISESVYEKHGWNPIETLRESWARLCKAFLVEAEWFRRGQLPNSEDYLKNGIISSGVPAVLTHAFFILGQDMTKETIDLFNNINLPSIVSSTATILRLWDDFGSAMDEEQNGYDGSYVQCYMEEHPGSSVEEAQAYVIRKISDEWKYLNQECFSCNPFSESFTQLALNVSRMVPMMYDYNAHHRLPSLEENMKSLLLDSFLSKGITHG,Rosa chinensis,"Linalool and linalool nerolidol synthases in roses, several genes for little scent(Magnard et al., 2018)"
A0A2R3ZE39,Linear,MNLVFSSSSSPSVLLTKLTRTSHPRMLVPALLVQTYQTRRGQAIVSNSSSSKVIDHPPAAQRRLAQYHPTIWGPDLIDSFTTHYTYESHATRWEGLKQNVAKALVASSTKDDACSILKLIASVQRLGVAYHFRKEIHAALVSLISSTSTLSTTNDLHTAALQFQILRENGISVSSDLFNKFRSGEGSFKDSLSDVEGLLSLNEASHLGMPGEDVLEEAKIFSSKNLKQSMSTILNDDNLLKQVEQSLQTPVHWRMPRIEALNFIDIYQGDDSKNLALLELAKLDYNLVQSVYQIEIKELSRWWRELDFKSKASFSRDRLMENYLWSMGICHEPQFSECRIGLTKFVCILTVIDDMYDVYGFLDELECFTDAVIQWNMEAKEELPEYMKPIYIAMLEFGNELADNIFTNNGLNTLHYIQNEWVNLCTAYMVEARWFYGRFTPTLEEYLKNAWISVGGPGAMLHAYLLTQGSQLTKASLESYNHGSQLIYWASLMTRLSDDLGTSKAEGERGDVAKSIQCYMEEKGVSEEEAQDYIKGLISHSWKKMNQESAKPSIPKSIVNMCLNMARTAHCIFEHGDGIGNSIGVTKDRLISLIANPIPLR,Rosa chinensis,"Linalool and linalool nerolidol synthases in roses, several genes for little scent(Magnard et al., 2018)"
A0A345BJ04,Linear,MALPCNIFSPILRSTTTSIFVTEPKYFAKTNLVRIAILLSPNIPKQCRINTINSKPYRLQEYQLDVVSQVSIIDERVEKIRELVEWRDEEDPMEGLMFVDAIQRLGVAHHYEKEIEMIMEQHYLNKENGIKSLRDVALSFRLLRQRGYHISADVFNSFKGKDGKFRDEVEQDIWGLVELYEATQLSFEGEDILEEAQDFSSQILQQHLARDPKFKGSNIIQMRLRYPYHTTITNFTRDVGGMNYRWITTLTELSEQQFLIGRDVHKDELLQISKWWSGLNFKRDLKLVRNQPVKWYTWSMAMLADDNTLSAERVQLTKSIVFIYLIDDVFDLYGTPQDLTVFTEAVNKWEYAAIDTLPDYMKLCYKSLLDITNQIGSSISEKHGYNPINSLKQTWVSLCNAFLVEAQWLASRDLPRAEEYLANGKVSSGVHVVLVHLFFLLGLDAANVDDISSLVSCVAAILRLWDDLGSAQDEHQEGRDGSYIECYMRDNPESTFEQARDHVLDRIGMEWKRLNEECFNLSNPSSSALQFKEAALNMARMISLMYNYDKNQAFPALEKYVQIMLPNLIQS,Lavandula x intermedia,"RNA-Seq in the discovery of a sparsely expressed scent-determining monoterpene synthase in lavender (Lavandula)(Adal et al., 2019)"
A0A3G9EWY9,Linear,MVSYHNPLEGQIKPSSSSHHQKSKKMSLIPLTSMAITDNCSITQDLSLHSNASEHRNCPNKDCSIEYLDEFYMEHAQNLTDVKYLLKSKDGKDSLEGLIMVDTMQRLGIDNHFHEEIQSFLESQLITMIDTGVHQYKGLFENSLRFRLLRQEGYYVPADRVFGYLMAENRKFKNIVGEDISGLMALYEASQLSIKGENILEEAAKFSSQILNEKMAFVDQHQDRTARYTLRHPYHKSLAKIMARNYIKDFNAPDGWQHALLELANSDFNMVRSIHQKELSQFSRWWKDLGLTRELKLVRDQPLKWYMGPMAALTDLSMSEQRIELTKAISLIYIIDDIFDIYGTVDELTLFTEAVNRWDMAAMEQLPGYMKMCFKALYDVTNEIGKMVYKKHGLNLADSLQKSWASLCDAFLVEAKWFASGHLPKPEEYLRNGIVSSGMHVVLVHIFFLLREGENFEYENSGIISSLATILRLWDDLGSAKDENQDGNDGSYIKCFMNEHQGITIDIARQHVTHMISEAWKCLNKECLLPNPFSATFTKAALNLARMVPLMYSYDDNHRLPVLEDYIKSMFSDHIPLEGSLY,Chengiopanax sciadophylloides,"Isolation and Functional Characterization of New Terpene Synthase Genes from Traditional Edible Plants(Hattan et al., 2018)"
A0A481YAH7,Monocyclic,MSSSINPSTLVTSVNGFKCLPLATNKAAIRIMAKNKPVQCLVSAKYDNLTVDRRSANYQPSIWDHDFLQSLNSNYTDETYRRRAEELKGKVKTAIKDVTEPLDQLELIDNLQRLGLAYRFETEIRNILHNIYNNNKDYVWRKENLYATSLEFRLLRQHGYPVSQEVFNGFKGDQGGFICDDFKGILSLHEASYYSLEGESIMEEAWQFTSKHLKEVMISKSKEEDVFVAEQAKRALELPLHWKVPMLEARWFIHIYERREDKNHLLLELAKMEFNTLQAIYQEELKEISGWWKDTGLGEKLSFARNRLVASFLWSMGIAFEPQFAYCRRVLTISIALITVIDDIYDVYGTLDELEIFTDAVERWDINYALKHLPGYMKMCFLALYNFVNEFAYYVLKQQDFDMLLSIKNAWLGLIQAYLVEAKWYHSKYTPKLEEYLENGLVSITGPLIITISYLSGTNPIIKKELEFLESNPDIVHWSSKIFRLQDDLGTSSDEIQRGDVPKSIQCYMHETGASEEVAREHIKDMMRQMWKKVNAYTADKDSPLTRTTTEFLLNLVRMSHFMYLHGDGHGVQNQETIDVGFTLLFQPIPLEDKHMAFAASPGTKG,Citrus japonica (Kumquat) (Fortunella crassifolia),"Genetic diversity of limonene synthase genes in Rongan kumquat (Fortunella crassifolia)(Liu et al., 2020)"
A0A4Y5QWA6,Linear,MALSIMSSYASFRPFKPSSSLSSSQNIIRNFDENSKYHIRSNGDLTPQKDLDKYRDVLRKADPFDEGLKMIDAIQRLGIDYIFEEEIDKIIQSQSAYKFFREFEHDHHHHQDLYDVALRFRLLRQHGLFVPADIFNKYKDNNKGCFDTRLREDIKGLLSLYEASHLCIEGENILDEAALFSAQHLEASMTRLHRYDQYQAKFVATTLQNPTHKSLSKFTAKDLFGVYPSENGYINLFQQLAKVEFNRVQSLHRMEIDKVTRWWRDIGLAKELTFARDQPVKWYIWSMACLTDPILSKQRVALTKSISFIYVIDDIFDMYSSLDELILFTQAVSSWEYSAIQKLPDSMKTCFRALDNMINESSHTIYQKRGWSPLHSLRKTWASLCEAFLVEAKWFASRHVPKAKEYLENGVVSSGVHVVLVHIFVLLDETSLTQKTLDFVENMPSIITSTASILRLWDDFGSAKDENQEGHDGSYVECYMKELGGSVEDAREEMMEKISDAWKCLNKECILRNPAFPPPFLKASLNLARLVPLMYNYDHNQRLPHLEEHIKSLL,Cannabis sativa,"Gene Networks Underlying Cannabinoid and Terpenoid Accumulation in Cannabis(Zager et al., 2019)"
A0A4Y5QZ62,Linear,MALSIMSSYASFRPFKPSSSLSSSQNIIRNFDENSKYHIRSNGDLTPQKDLDKYRDVLRKADPFDEGLKMIDAIQRLGIDYIFEEEIDKIIQSQSAYKFFREFEHDHHHHQDLYDVALRFRLLRQHGHFVPADIFNKYKDNNKGCFDTRLREDIKGLLSLYEASHLCIEGENILDEAALFSAQHLEASMTRLHRYDQYQAKYVATTLQNPTHKSLSKFTAKDLFGVYPSENGYINLFQQLAKVEFNRVQSLHRMEIDKVTRWWRDIGLAKELTFARDQPVKWYIWSMACLTDPILSKQRVALTKSISFIYVIDDIFDMYSSLDELILFTQAVSSWEYSAIEKLPDSMKTCFKALDNMINESSHTIYQKRGWSPLHSLRKTWASLCEAFLVEAKWFASRHVPKAKEYLENGVVSSGVHVVLVHIFVLLDETSLTQKTLDFVENMPSIITSTASILRLWDDFGSAKDENQEGHDGSYVECYMKELGGSVEDAREEMMEKISDAWKCLNKECILRNPAFPPPFLKASLNLARLVPLMYNYDHNQRLPHLEEHIKSLL,Cannabis sativa,"Gene Networks Underlying Cannabinoid and Terpenoid Accumulation in Cannabis(Zager et al., 2019)"
A0A7G8EIM4,Linear,MELVSSYHCPSSFTIVRRGMVFQPQQQWTITATQSPSSRLLIKTTNKFQVNPRRSANYHPSIWDPKIIESINTPYTYELYGTKLEELKQETKRVLQSTRDHSSLLKLIDSMQRLGVSYHFEEEIEEAISDHANPIVSGNLYTTALHFRLLRQHGYPINSDVFNKFKDGSGRFMDSLREDVAGLVSLYEATHLRMDGEDDFEEAYSFSTKQLNSSFGKMGIELGEQVKQSLEIPLHWRMPRLEARNSIDLCLMEDSMPSVLLKFAKLDYNLVQSVHQQEVQELSKWWRDLGFKEKLEFSRDRLMENYLWAMGIVFESQFSKCRKCLTKFVCILTAIDDMYDIYGSLDELELFTDAVNRWDLKAMEELPEYMKICYLAMFNFGNEIAYDVLKNHGLDILSYIKEQWTNLCRSYLVEARWFYSGYTPTLDEYLDNSWTSVGGPAAITHAYLMLGFPLTLDSLDGLKISSDTIYWASLITRLSDDLGTSKDEIERGDVAKSIHCCMIKEGVSEEEARDRIKALISFSWKKLNEATAKINHRHHPARFIVTMSLNMARTAQSIFQHGDGIGTSIGITKDRLTSLIVKPIPIPIQHVNHQAMLQEPNLLPVAM,Camellia sinensis,"Enzyme Catalytic Efficiencies and Relative Gene Expression Levels of (R)-Linalool Synthase and (S)-Linalool Synthase Determine the Proportion of Linalool Enantiomers in Camellia sinensis var. sinensis.(Zhou et al., 2020)"
A0A7L7S5P2,Linear,MAAKKTGDSAPENIARRSLNSKLSFWHFDYVQSIKSEYHDKREEYASKVKELKEKVRMMMLNSTSHLAQLQQIDMLQRLGLSYQFEDEIKHILKSVSCCLDSDGSDVWKDNLYATVLKFRLLRQHRFYIPQEVFNAFKDEAGRFKACICDDAMGMLSLYEASFHLVHGETILEEAREFSTKNLREFISQNKDENHLSKLIVHALEIPLHWRAPRLEARWFIDLCKRSHDVDSTLLDLAKLDFNLVQSIHQEELKELSRWWKQLGLGQKMSFSRDRLPENYLWATGMVHEPQLEYCRRMSTKIFAILTIIDDVFDVYGKLHELELFTDAFESWNMNAMDQLPDYMKICFLAVYNFTNEVAYHVLKEQGFHILKYLRKAWADLSKGFLREAKWCYDEYTPSFQEYIENAWISITVPTFLVLAYFFVANPITNEALELLEEYPSIIRQSSLICRLVNDLSTSQFELKRGDATPKSIQCYMQETGATEDEARQHIKSFIDQTWKQLNKDRTENSPFSRTFIDIVVNLVRITMWMYE,Ficus carica,"Characterization of terpene synthase genes potentially involved in black fig fly (Silba adipata) interactions with Ficus carica(Nawade et al., 2020)"
A0A7L7S5U1,Linear,MALSSYAGAFSASFQYPSTSQPKIPRIANSNLKNYGLVTKQPVLGSSQNWNITPFENLKDQYLSKYPSYNEDVDVLRHVISEAGKDPSEGLKVVDAIQRLGIDYLFEEEIEEILQNQYILFDHYSDKEQNEDLCDAALRFRLLRQQGYYVPADVFKKFKDERGNFKISLTEDIDGLMGLYEASHLSIDGEDVLDEAKLLSGQLLTTSMTFLGHHRARVVANTLENPCHKSLAKFTAAKNLFGSSTTFHSDNGWIKMLQDLAKVEFDQVQSLHRREILQISRWWREIGLAKELTFARDQPLKWYIWSMACLTDPSLSQHRVELTKPISFIYIIDDIFDVYGTLDELTLFTEAVKRWDSAAIEKLPHCMKICFNALDNLTNEISHKVYSKHGWDPLHSLRKTWATLCDAFLVEAKWFASGQVPKAEEYLRNGVVSSGVHVVLVHIFFLLGQSITQETVEFLDNMPGIITSTAAILRLWDDLGSAKDENQEGNDGSYVECYIKERPGSSIEEAQENIIERISDAWKCLSKECLVSPNRPLPATFVKASLNLARIVPLMYSYDDNQRLPILEQLMKSMFYESVPM,Ficus carica,"Characterization of terpene synthase genes potentially involved in black fig fly (Silba adipata) interactions with Ficus carica(Nawade et al., 2020)"
A0A7L7T499,Linear,MSLFLAPPSYFPLRSLRRSTAANQPRLPVLVQCSAADKKSPAARRSSPYQPNMWNNDYIQSLTAESPSKGEEEDRTTKRLMLLKERISEVICEKKEVEEQLRLIDHLQQLGVAYHFKDDIKGSLRNFHASLEEISSTFKEDLHATALLFRLLRENGFSITEDIFEEFRDEKGHFRDGLKNHAQGMLSLYEASYYENDGEMVLHEAMEFATEHLKNLLEEDSADMKLKERAAHALELPLNWRMERLHTRWFIEACQREVIVIDNPLLLEFAKLDFNAVQSIYKKELSALSRWWTKLGVVEKLPFARSRLTENYMWTVGWAFEPEYWSFRDAQTKGNCFVTMIDDVYDVYGNLDELELFTSVVDRWDINAIDQLPDYMKILFLALFNTINDDGYKVMKEKGLDIIPYLKRSWADLCKAYLVEAKWYHRCYTPTINEYLENTWISISGPAIFTNAYCMANNLTKQDLDRFSQYPAIAKPSSTLGRLYNDLATSTAEIERGDVPKSIQCCMHERGVSEAVAREQVKELIRGNWKCMNGDRAAASSFEENLKKVALDIARASQFFYQRGDGYGKADGETMNQLMSLLINPIV,Wurfbainia longiligularis,"Chromosome-level genome assembly and functional characterization of terpene synthases provide insights into the volatile terpenoid biosynthesis of Wurfbainia villosa(Yang et al., 2022)"
A0A7L7TAQ2,Linear,MSLFLAPPSYFPLRSLRRSTAANQPGLPVLVQCSAADKKSPAARRSSPYQPNMWNNDYIQSLTAESPSKGEEEDRTTKRLMLLKERISEVICEKKEVEEQLRLIDHLQQLGVAYHFKDDIKGSLRNFHASLEEISSTFKEDLHATALLFRLLRENGFSITEDIFEEFRDEKGHFRDGLNNHAQGMLSLYEASYYEKDGEMVLHEAMEFTTEHLKNLLEEDSADMKLKERASHALELPLNWRMERLHTRWFIEACQREVIVIDNPLLLEFAKLDFNAVQSIYKKELSALSRWWTKLGVVEKLPFVRSRLTENYMWTVGWAFEPEHWSFRDAQTKGNCFVTMIDDVYDVYGNLDELELFTSVVDRWDINAIDQLPDYMKILFLALFNTINDDGYKVMKEKGLDVIPYLKRSWADLCKAYLVEAKWYHRGYTPTINEYLENTWISISGPAIFTNAYCMANNLTKQDLDRFSQYPAIAKPSSTLGRLYNDLATSTAEIERGDVPKSIQCCMHERGVSEAVAREQVKELIRGNWRCINGDRAAASSLEENLKKVAVDIARASQFFYQRGDGYGKADGETMNQLMSLLINPIV,Wurfbainia villosa,"Chromosome-level genome assembly and functional characterization of terpene synthases provide insights into the volatile terpenoid biosynthesis of Wurfbainia villosa(Yang et al., 2022)"
C0KY88,Linear,MALISSWRVNMPAAAVLRPFSCSQFHVDETDDEVQRRSANYRPSAWDDNYIQSLNTVQYGAKKHLTREAELIEQVKMLLDPPLLTTEMEAVQQLDLIDVSQNLGLSYHFKDQIKALSFIYYDHWEKYDSESVVNDLYFTSLGFRLFRQHGFPVSQEVFDCFKNENGACFESGTEDDTKGVLQLYEASYLVRPGEDTLEEARQFATKSLKRKLEKDGANIIAHSLEIPLHWRIQRLEARWFLDMYEKQDRHDMNQVILELAKLDFNIVRATQQEELKDLSRWWVESGLPEKLPFARDRHVESYFWAIALFEPHQYGYERKVAAKIITMATSLDDVYDVYGTLGELQLFTNFINRWDTKSIEQLPYYMKLYYFGLYNSVSELGYDTLKEKGFILPYLKRSWEDLIDSYLKEAQWINNGYTPSLEEYLNNACISFGATPVIMHVFFTLSVSIDKPVIECLYRTHNILRYVGMLVRLTDDLSTSSGEMERGDELKTIELYMKERGATEIEAQEHIRFLINKTWKKMNKEVAIADCPPFTLATNLGRMAHFMYVDGDGNGNRHSQIHQRIMSLLFTQYALI,Osmanthus fragrans var. thunbergii,"Isolation and Expression Analysis of OfLIS Gene in Osmanthus fragrans (Chen et al., 2020)"
D4N3A0,Linear,MASFNRFCVSSLLAPNNSPQISNAPRSTAVPSMPTTQKWSITEDLAFISNPSKQHNHQTGYRIFSDEFYLKHENKLKDVRRALREVEETPLEGLVMIDTLQRLGIDYHFQGEIGALLQKQQRISTCDYPEHDLFEVSTRFRLLRQEGHNVPADVFNNFRDKEGRFKSELSRDIRGLMSLYEASQLSIQGEDILDQAADFSSQLLSGWATNLDHHQARLVRNALTHPYHKSLATFMARNFNYDCKGQNGWVNNLQELAKMDLTMVQSMHQKEVLQVSQWWKGRGLANELKLVRNQPLKWYMWPMAALTDPRFSEERVELTKPISFIYIIDDIFDVYGTLEELTLFTDAVNRWELTAVEQLPDYMKICFKALYDITNEIAYKIYKKHGRNPIDSLRRTWASLCNAFLEEAKWFASGNLPKAEEYLKNGIISSGMHVVTVHMFFLLGGCFTEESVNLVDEHAGITSSIATILRLSDDLGSAKDEDQDGYDGSYLECYLKDHKGSSVENAREEVIRMISDAWKRLNEECLFPNPFSATFRKGSLNIARMVPLMYSYDDNHNLPILEEHMKTMLYDSSS,Actinidia arguta,"Characterisation of an (S)-linalool synthase from kiwifruit (Actinidia arguta) that catalyses the first committed step in the production of floral lilac compounds(Chen et al., 2010)"
D4N3A1,Linear,MASFHRFCVSSLLVPNNSPQISNAYRAPAVPSMPTTQKWSITEDLAFISNPSKQHNHQTGYRTFSDEFYVKREKKLKDVRRALREVEETPLEGLVMIDTLQRLGIDYHFQGEIGALLQKQQRKSKCDYPEHDLFEVSTRFRLLRQEGHNVPADVFNHFRDKKGRFKSELSRDIRGLMSLYEASQLSIQGEDILDQAADFSSQLLSGWATNPDHHQARLVRNALTHPYHKSLATFTARNFHYDCKGQNGWVNNLQELAKMDLTVVQSMHQKEVLQVSQWWKDRGLANELKLVRNQPLKWYMWPMAALTDPRFSEERVELTKPISFIYIIDDIFDVYGTLEELTLFTDAVNRWELTAVEQLPDYMKVCFKALYDITNEIAYKIYKKHGWNPIDSLRRMWASLCNAFLVEAKWFASGHLPKAEEYLKNGIISSGMHVVTVHMFFLLGGCFTDESVNLVDEHAGITSSIATILRLSDDLGSAKDEDQDGYDGSYVEYYLKDHKGSSVENAREEVIRMISDAWKRLNEECLSPNPFSATFRKGCLNIARMVPLMYSYDDNHNLPLLEEHMKAMLYDSSS,Actinidia polygama,"Characterisation of an (S)-linalool synthase from kiwifruit (Actinidia arguta) that catalyses the first committed step in the production of floral lilac compounds(Chen et al., 2010)"
G5CV39,Linear,MEMTKVLISPSQYLSMHIISGNIIQNERSIQVSCKSSNKWAVQEDLLRATSTYNQDGFDSTKFGLLMKDVKYALRTQINNNNNLVLVDTLQRMGIEHHFQQEIQSILQKEYEQNTCFLKYQNHHDISLCFRLLRQEGYHVSADVFKKLKNNDDGTFGLNLNQDVNGLIGLYEASQLGVEGEYILDEIAKFSGDHLNACLVNSDEARIIKETLKYPYHKSLSRWKAKSFINNFKGINGWGKSTLQELANMDYSITKEIHQHELIQVSRWWSSLGLAEDLKLLRDQPLKWYTWPMTMLTDPKMSQQRIELAKCISFVYVVDDIFDVYGTIEELTLFTQAVNRWELCVMKDLPEYMRATYKALYDTINSIGYNIYKIYGQNPTQNLRNAWANLCNAFLKEAKWFASGELPTTDEYLKNGLVSSGVHVVLVHMFYLLGFGLNNQNSIYLEDSSAMASSVATILRLWDDLGSAKDENQEGNDGSYIECYMKGQKNASIELAREYVVKLIEDEWKQLNKKHFNLMNGSLGSYSKASLNLARMVPLMYNYDDKQSLHVLQEYINTMLYDV,Solanum lycopersicum,"Tomato terpene synthases TPS5 and TPS39 account for a monoterpene linalool production in tomato fruits(Cao et al., 2014)"
H6UQ81,Linear,TWVLDDVFNNFKESNGMFKKALGEDIKGLMSLYEASQLGTEGEDTLFEAGKFSGHLLKTSLSHLDHHQARIVGNTLENPHHKTLASFMARKFFVTSQGTNTWLNLLKEVAKTDFSMVQSLHQNEIVQISKWWKELGLAKELKFARDQPLKWYIWAMACLTDPKLSEERVELTKPISFIYLIDDIFDVNGTLDELILFTEAVNRWDITAIDHLPDYMKICLKALDDITNEFSYKVYKRHGWNPLQYLKKMWASLCNAFLVEAKWFASGKLPKSEEYLKNGIVSSGVIVIVVHFLFLLGQNITKQNVEVLNDTPAIISSTATILRLWDDLGSAKDENQDGNDGSYVRCYLEQHQGCSIEEAREKTVNMISDEWKKLNRELLSPNPFPATFTSASLNLARTVPLMYNYDGNQCLPSLKEYMKSMLYETVSM,Rosa rugosa,"Flowery odor formation revealed by differential expression of monoterpene biosynthetic genes and monoterpene accumulation in rose (Rosa rugosa Thunb.)(Feng et al., 2014)"
H6WBC5,Linear,MGFSPAFYACSIPPVGPNKFTELGQSKFNNVVLVPTAQKWSIAHDHTLVYKPLRKHNHQSQHLSFTDEFYIKHAQRLDEIRNVFSEVGEDTLEGLMMIDAIQRLGIDYHFKEEIEAVLQRQYMKASTHGESIQDLYEVALRFRLLRQEGYHVPADVFNNFKNKEGKFKQNLSKDIKGLLALYEASQLSIEGEDILEEAQRFSSTLLNAGLEHLNHHEATVVGHTLEHPHHKSLPRFMAKSFLKDFQGPNGWLTVLQELAKADFNMVQSIHQQELLQISKWWQDRGLAEELKFARDQPLKWHMWPMAVLPDPSLSEQRVELTKPISMIYIIDDIFDVHGTLDELTLFTEAVNRWDIAAFETLPNYMKICFKTLDEITNEISNKVYKEHGWNPVDSLRKTWVSLCNAFLVEAKWFASGHVPKAHEYLKNGVISSGVHVVLVHLFFLLGHGITRGNVDLVDDFPSIISSTAAILRLWDDLGSAKDENQDGHDGSYIECYIKEHQGSSMENARQNVTYMISDLWKRLNKECLSQHPFSTSFTKGSLNIARMVPLMYSYDDNQSLPHLEEHMKSLLFEAFPL,Vitis vinifera,"Identification of a Plastid-Localized Bifunctional Nerolidol/Linalool Synthase in Relation to Linalool Biosynthesis in Young Grape Berries(Zhu et al., 2014)"
Q9M5A4,Monocyclic,MYTGVIMHMAIPIKPAHYLHNSGRTYASQLCGFSSTSTRARIARLPLCLRFRCSLQASDQRRSGNYSPSFWNADYILSLNNHYKEESRHMKRAGELIVQVKMVMGKETDPVVQLELIDDLHKLALSHHFEKEIKEILFNISIYDHKIMVERDLYSTALAFRLLRQYGFKVPQEVFDCFKNDNGEFKRSLSSDTKGLLQLYEASFLLTEGEMTLELAREFATIFLQEKLNDKTIDDDDDADTNLISCVRHSLDIPIHWRIQRPNASWWIDAYKRRSHMNPLVLELAKLDLNIFQAQFQQELKQDLGWWKNTCLAEKLPFARDRLVECYFWCTGIIQPLQHENARVTLAKVNALITTLDDIYDVYGTLEELELFTEAIRRWDVSSIDHLPNYMQLCFLALNNFVDDTAYDVMKEKDINIIPYLRKSWLDLAETYLVEAKWFYSGHKPNMEEYLNNAWISISGPVMLCHVFFRVTDSITRETVESLFKYHDLIRYSSTILRLADDLGTSLEEVSRGDVPKSIQCYMNDNNASEEEARRHVRWLIAETWKKINEEVWSADSPFCKDFIACAADMGRMAQFMYHNGDGHGIQNPQIHQQMTDILFEQWL,Perilla frutescens var. hirtella,"Perilla citriodora from Taiwan and Its Phytochemical Characteristics(Ito et al., 2000)"
R4I6X2,Linear,MLSSAASSSLASLNSDPFIPKKDHNHETPNAPFDPINDQNHETPNSLFNPIPQLATDHFQSITHHQFCTSSTLSLDGLSIKQREKVNQVREIVQNLKDPAEQMVMIDNLQRLGIDYQFREEIESILCSLSENDDAISSIHDVALRFRLLREHGYYASPDVFNSFKDKEGRFKLQLTTDIKGSMSLYESSKLSTEGEDILDEVNDFASKNLIASMEFIEPDLEREVRHVLEHPFHMSLPRFNIKKHLKDLQGKDVKTDAPIQELAILDFNILQSMHQSELKEVTKWWRDLGLSQELRFARDQPLKWYMWPLAVLPNPKFSRYRIELTKPIALVYIIDDIYDVYGTLDELVVFTEAVNRWDPSDINQLPRNMKLCFMALHNTTNEIAYMVLKEHGWNPINSLKKTWTDLCNAFLVEAKWFAEGDSPKADEYLRNGVTSSGVATVLVHLFFLVGNGITRESVDLVDSTPKLISCPAMILRLWDDLGSAKDENQKGYDGSYVECYLKENATSSLESARRHVRHMISNAWKELNKECLSPYTFSPTFIEASLNTTRMVQVMYSYDNDQRLPALEQHIASLFKESIPDKEI,Cinnamomum osmophloeum,"Characterization of S-(+)-linalool synthase from several provenances of Cinnamomum osmophloeum(Lin et al., 2014)"
dinctg000_np1212847,Linear,MQKNLAAVILSGFSYPSIPPARVGRRNSARSSMGTNLEDAAPVRKVHISKKHVQARQKANYIDFQPLMEPNAMQVSERRTAGFLPTVWDPDLIISSSTGYKYESHTNRLEQLKQATKTLLESTKDDTPHVLLSLIDTIHRLGVAYHFEKEIKEALNNLLNSMIPNDLSTAALHFRLLRQNDLSISSEVFNKFLDENGKFMDNLREDLKGVLTLYEASYLGVHGEDILEEAKNFSTRLLKSSLMEKSESNISEQIQQSLEVPLHQRLPWNEARNFINVYQRDKSKSLLLLELAKLNYNVVQSLYLEELKELAKWWKDMNFKEKYPFSRDRLVEGYFYSMGCVPHPQFSKCRKSMAKLTVVATVLDDIYDVYGYLDELEKLTDAISCWDLKAMEDLPEYMRPCYMAIYEHVKEMVDDASERLGMDILPYIKKNWVIYTRGYMEESRWIYSGYMPTFDEYLENGVRTIGAPLATTYAFFGTLDRDTISKDLLEWIQSPDSEFLYLSALIGRLYDDLLTSKDEMERGEVVNAIKCYMVQEKVSEEEARDHIKGLINDAWRKLNGLIASKCLPECISDIAVNTARCWQHMYEKGDWFSVQSEAHKDRIISSFLEPIPMEQK,Dipterocarpus intricatus,"Cyclization mechanism of monoterpenes catalyzed by monoterpene synthases in dipterocarpaceae(Lu et al., 2024)"
hmoChr44410,Linear,MAHHLHASVHAAVSTRSLASSSHSRFCVPGHVQFLAALKLSSQPTVRRSANYQPPIWSFEYIQSLKTEYVGQSYTTRINMLKENVMETLEGKEMDKNPLHQLELIDTLQRLGISYHFEDEIKVILQEAYGNNHGNYSLSKDCLCAAALVFRLLRQHGHKVPQAIFNSFIDESGNLKACLCKDFKGMLYLYEASFLSMEGEGILDAARTFTRMHLNEYVMLRESKDPYLSTLVEHSLEFPLHWRMPRMEARWFIEFYQQSPDINPILLDFAKLDFNMVQATYQEDLKHASMWWKGVGLGEKLEFVRDRLVENYLWSTGILFQPRYGYFRGMATQVFALITTIDDVYDVYGTLDELEHFTNAVERWDINAIEQLPDYMKLCFFALFNSMNQIASKIFQEQGLNILSYSKKAWVNLCKSYLIEAKWYHEGYTPTLHQYIDNAAVSIAAPLILLYAYLLSSNHITMEVLHYIEEEFPSIIHCSSMVLRLADDLGTSPDEMQRGDVPKSIQCYMHEMGACEEDARKYIQDLIDITWKKMNKDRFETSPLPPTLIEAAMNLARMAQFICTGVGTVIALKIM,Hopea mollissima,"Cyclization mechanism of monoterpenes catalyzed by monoterpene synthases in dipterocarpaceae(Lu et al., 2024)"
slectg065_np871,Linear,MQDESCLENSEVVEVFKQILGKVGADSFECLAMIDAVQRLGIDHYFVRQNEEVLGKKYALFCENGLLGRNLYKAALSFRLLRQHGYHVPAGIFSVFEDGEGRFKHELSTDITGLLELYEASQLSIEGEDILDEAREFSAQHLKAWEEKLNHSHARFVKNTLDHPYHKSQSRVMVSNLLANLQGCTNEWMYAVQGLAMRDFNLVHSLHRREIMQFSEWWNNLGLGKELVFVRDQPVKWHIWSLACLADPRLSEERIELTKPISLIYVIDDIFDVKGSLEELTLFTEVINRWDYAAIERLPGYMKICFKALHAITNEISHKVYQKHGWNPVDSLRKTWVNLCNAFLVEAKWFASGEQPNPDEYLRNGIISSGVHILLVHVFFLLGQGLTKENVEVIDNNPGIISSVATILRLWDDLGSAKDENQEGHDGSYVYFYIKEHQGVRVEEARNHVNQMISRAWKQLNQECLFPYPFSSSFKNASLNFARMVPFMYSYDENQRLPSLEDYMKSLL,Shorea leprosula,"Cyclization mechanism of monoterpenes catalyzed by monoterpene synthases in dipterocarpaceae(Lu et al., 2024)"
slectg127_np665,Linear,MQKHLAAVGLSCISYPSILPARVGRRNIACSSMGINTEDAQPARKVHISKKPVQAQKKVNYIDFQPLMEPNAMQVSERRTAGFLPTVWDPDLFISSSTGYKYENHATRLEQLKQATKTLLESTKDATPHVLLSLIDAIHRLGVAYHFEEEIKEALNNLLISMIPNDLFTVAMHFRLLRQNGLSISAEVFNKFLDEDGKFMDNLREDLKGVLSLYEASYLGIPGEDILEEANNFSTRHVKSSLMKKLDRNISEQIQLSLEVPVYQRLPWIDARNFINVYQRDKSKSLLLLELAKLDHNVVQSLYLEELKELAKWWKDMNFKEKYPFSRDRLVEGYFYSMGCVPHPQFSTCRKSMAKLTAVATVLDDIYDVYGHLDELEKLTDAISCWDLKAVEDLPEYMRPCYIAIHEHVKEMVEDASERLGMDILPYIKQNWVIYTRGYMEESRWIYSGYIPTFDEYLENGVRTIGAPLATTYAFFGTLDRDTISKHSLEWIQSPDSEFLYLAALIGRLYDDLLTSEDEMERGEVVNAIKCYMVQERVSEEEARDHIKGLISDAWRKLNGLIASKSLPKCLSDVALNTARCWQHMYKKGDWFSVQSEAHKDTIISSFLEPIPMEQK,Shorea leprosula,"Cyclization mechanism of monoterpenes catalyzed by monoterpene synthases in dipterocarpaceae(Lu et al., 2024)"
slectg240_np1756,Linear,MASFSSALIIVSSQTPIPRTKISEIKKIKLNTTPTSFPTTPKFTTSQCQKIVSKPQRTFNYLTTQPVIADESCLENLDVVEVFKQILGKVGADSFECLAMIDAVQRLGIDHYFVQQNEEVLGKKYALFCENGLLGRNLYNAALSFRLLRQYGYHVPAGIFNVFKDGQGRFKHELSTDITGLLELYEASQLSIEGEDILDEAREFSAQHLKAWEEKLNHSHARVVKNTLDHPYHKSQSRVMVSNVLASLQVCTNEWMYALQGLATRDFNLVNSLHRREIMQFSKWWNNLGLAKELEFVRDQPVKWHIWSLACLADPSLSEERIELTKPISLIYVIDDIFDVKGSLEELTLFTEVINRWDYAAIERLPDYMKICFKALHEITNEISQKVYQKHGWNPVDSLRKTWVNLCNAFLVEAKWFASGEQPNADEYLRNGIISSGVHIILVHAFFLLGQGLKKENVEEIDNNPGIISSVATILRLWDDLGSAKDENQEGQDGSYVDFYMKELQGVRVEEARNHVNQMISKAWKQLNQECLFPNPFSSSFKNASLNFARMVPFMYSYDENQRLPSLEDYMKSLL,Shorea leprosula,"Cyclization mechanism of monoterpenes catalyzed by monoterpene synthases in dipterocarpaceae(Lu et al., 2024)"
vodctg000225_np551212.245,Monocyclic,MFVQVTASMPAPAPPSQKSKKPEINRRSAGFHPSIWGDHFLLYASNNIMESEEEKREHEKLKEKLKEELMAVVDKPLKKLELIDAIQRLGVSYHLHKEIDEILGQIMQMLNRSEFKAGSSENDDLYTISLTFRLLRQHGYRISCAETFKKFKDNGGNFKESLIDDVKGMLSLYEAAHLRVHGEDILDQALSFTTSHLGSMAASLSNPSLAAQVTNALHQPVHTGMPRLEARRFIPVYQADPSHDKTLLSFARLDFNMLQRLHQKEISSIAKWWKDLDFSTKLPFARDRLIECYFWILGLYFEPEYSLARRFSTKVIVLASVIDDIYDVYGMLDELELLTEAIQRWDMNAINQMPEYMQIFFQAFLDIYSDIEEQMEAQGKLYRVYYAKEAMKRLVRAYFQEAKWFDEKYAPTLDEYMPVALISSGYEMMAVTSIVGLGDVATEESFNWLMSRPKIVTASEAIARLMDDVASHKFEQKRGHVASSIECYMKQYGGTEEEAVEELRKLITKAWMDINEECLRPTAVPMPLRTCILNLARVIEVLYKSEDGYTHVGKRIKESVASLLIDPVPEKCTWQVHDVSMEYENVH,Vatica odorata,"Cyclization mechanism of monoterpenes catalyzed by monoterpene synthases in dipterocarpaceae(Lu et al., 2024)"
vodctg000225_np551212959,Linear,MSAFTSVALPLQASVPSRVTALKLSNELTMRRSADYKPPIWSFEYIQSLKLEYVEEEPFRKLINKLKDDVIAMLEGEEMDKDPSRQLELIDTLRRLGLSYHFENEINKILEKVYTKHQGYYGLERDNLYMAALEFRILRQHGYKVPEEIFKSFLNERGNFKAPHKRDCKGMLFLYEASFLSLEGESTLNTARTFARNYLSEYVKLKESKDPYLSTLVEHALEFPLHWRMPRMETRWFIEVYQQSPNMNPVLLDLAKLDFNMVQATYQEDLKDASRWWKRSGLGQNLNFIRDRLMENFLWTTGILFQPQYAYFRRMITQVAALGTTIDDVYDVYGTLDELELFTDAIERWDINAIEELRDYMKLCFFAVHNSINQIVSDVFQEQGINILPYSKKAWLNLCKSYLIEAKWYHQGYTPSLREYIDNAVVSIAGPLALLHAYICSSNHITSEVLQYLVEELPNIIRCSSMIMRLADDLGTSLDEMRRGDVPKSIQCYMHETGASEEIAREYIQDLIDKTWNKMNKDQFEHSPLPQTLIEAAMNIARMAQFMYKHGDGHSSQDDVMRHHVLSLLINPIPSPGPEESHITA,Vatica odorata,"Cyclization mechanism of monoterpenes catalyzed by monoterpene synthases in dipterocarpaceae(Lu et al., 2024)"
vodctg000245_np551212567,Monocyclic,MFAQVTASIPASAPPSQKSKKPEINRRSAGYHPSIWGDHFLSYASNNIMESEEEKREHEKLKEKLKEKLMAVVDKPLKKLELIDAIQRLGVSYHLHKEIDEILGQIMQVMNRSEFKAGSTEDDDLYTISLTFRLLRQHGYRISCETFKKFKDNGGNFKESLIDDVKGMLSLYEATHLRVHGEDILDQALSFTTTHLGSMATSLSNPSLAAQVTNALHQPVHTGIPRLEARRFIPVYQADPSHDKTLLSFARLDFNKLQRLHQKEISSIAKWWKDLDFSTKLPFARDRLIECYFWILGLYFEPEYSLARRFSTKVIVLASVIDDIYDVYGTLDELELLTEAIQRWDMNAIAQMPEYMQIFFQAFLDIYSEIEEQMKAQGKLYRIHYAKEAMKRLVRAYFQEAKWFHEEYAPTLDEYMPVALISSGYEMMAVTSIVGLGDVATEESFNWLMSRPKIVTASEAIARLMDDIASHKFEQKRGHVASSIECYMKQYGGTEEEAVEELRKLITKAWMDINEECLCPTAVPMPPRTCILNLARVIEVLYKSEDGYTHVGKRIKESVASLLIDPVPEKCTWQVHDVSRENENVH,Vatica odorata,"Cyclization mechanism of monoterpenes catalyzed by monoterpene synthases in dipterocarpaceae(Lu et al., 2024)"
vraChr51716,Monocyclic,MYIQMKMSMLTSMALPLQPSVPVTAISTKLIFPSSCTKRYVPSRVTALKLSNELTKRRSAGYKPPIWSFEQIQSLKLEYVQEEESFKRHINKLKEDVIAMLEGEEMDKDPSHQLELIDTLQRLGLSYHFENEINRILEKVYTKHQGYYGLERDSLYVAALEFRILRQHGYKVPQGESTLVAARTFARNYLSEYVKLNESKDPYLSTLVEHALEFPLHWRMRRMETRWFIEAYQRSPDMNPILLDLAKLDFNMVQATYQEDLKHASRWWNRSGLGQNLEFIRDRLVENFLWTTGVLFQPQYAYYRRMATQVNALLTTIDDVYDVYGTLDELELFTDAIERWDINAIEQLPDYMKLCFFAVHNSMNQIASDIFQEQGINILPYSKKAWLDLCKTYLIEAKWYNQGYTPSLHEYIDNAVISISAPLMLIHAYILSSNHITIEVLKYLEEELPNIIRCSSMVVRLADDLGTSSDEMRRGDVPKSIQCYMHETGASEEDACEYIQDLIDKTWNKMNKDQFEHSPLPQTLIEAAMNLARMAQFLYKHGDGHSSQDDVMRHRILSLLINPIPLPGPEESHITA,Vatica rassak,"Cyclization mechanism of monoterpenes catalyzed by monoterpene synthases in dipterocarpaceae(Lu et al., 2024)"
vraChr52544,Monocyclic,MFVQVTASIPAPSPPSQKSKKPEINRRSAGFHPSIWGDHFLSYASNNIMESEEEKREHEKLKEKLKEELMAVVDKPLKKLELIDAIQRLGVSYHLHKEIDEILGQTMQVLNRSEFKAGSSENDDLYTISLTFRLLRQHGYRISCAETFKKFKDNGGNFKESLIDDVKGMLSLYEAAHLRVHGEDILDQALSFTTTHLGSMAASLSNPSLAAQVTNALHQPVHTGMPRLEARRFIPVYQADPSHDKTLLSFARLDFNMLQRLHQKEISSIAKWWKDLDFSTKLPFARDRLIECYFWILGLYFEPEYSLARRFSTKVIVLASVIDDIYDVYGMLDELELLTEAIQRWDMNAIDQMPEYMQIFFQAFLDIYSDIEEQMEAQGKLYRVHYAKEAMKRLVRAYFQEAKWFHEKYAPTLDEYMPVALISSGYGMMAVTSIVGLGDVATEESFNWLMSRPKIVTASEAIARLMDDIASHKFEQKRGHVASSIECYMKQYGGTEEEAVEELRKLITKAWMDINEECLRPTAVPMPLRTCILNLARVIEVLYKSEDGYTHVGKRIKESVASLLIDPVPEKCTWQVHDVSMEYENVH,Vatica rassak,"Cyclization mechanism of monoterpenes catalyzed by monoterpene synthases in dipterocarpaceae(Lu et al., 2024)"
